/*
SQLyog Community v12.09 (64 bit)
MySQL - 5.5.9-log : Database - characters
*********************************************************************
*/

/*!40101 SET NAMES utf8 */;

/*!40101 SET SQL_MODE=''*/;

/*!40014 SET @OLD_UNIQUE_CHECKS=@@UNIQUE_CHECKS, UNIQUE_CHECKS=0 */;
/*!40014 SET @OLD_FOREIGN_KEY_CHECKS=@@FOREIGN_KEY_CHECKS, FOREIGN_KEY_CHECKS=0 */;
/*!40101 SET @OLD_SQL_MODE=@@SQL_MODE, SQL_MODE='NO_AUTO_VALUE_ON_ZERO' */;
/*!40111 SET @OLD_SQL_NOTES=@@SQL_NOTES, SQL_NOTES=0 */;
/*Table structure for table `account_achievement` */

DROP TABLE IF EXISTS `account_achievement`;

CREATE TABLE `account_achievement` (
  `account` int(10) unsigned NOT NULL,
  `first_guid` int(10) unsigned NOT NULL,
  `achievement` smallint(5) unsigned NOT NULL,
  `date` int(10) unsigned NOT NULL,
  PRIMARY KEY (`account`,`achievement`)
) ENGINE=InnoDB DEFAULT CHARSET=latin1;

/*Data for the table `account_achievement` */

LOCK TABLES `account_achievement` WRITE;

insert  into `account_achievement`(`account`,`first_guid`,`achievement`,`date`) values (7,2,5544,1480017706),(7,2,5681,1480017777),(7,1,5682,1480011326),(7,1,5683,1480014629),(7,1,5684,1480014661),(7,1,5685,1480016244),(7,1,5686,1480017238),(7,1,5687,1480019511);

UNLOCK TABLES;

/*Table structure for table `account_achievement_progress` */

DROP TABLE IF EXISTS `account_achievement_progress`;

CREATE TABLE `account_achievement_progress` (
  `account` int(10) unsigned NOT NULL,
  `criteria` smallint(5) unsigned NOT NULL,
  `counter` int(10) unsigned NOT NULL,
  `date` int(10) unsigned NOT NULL,
  PRIMARY KEY (`account`,`criteria`),
  KEY `Account` (`account`)
) ENGINE=InnoDB DEFAULT CHARSET=latin1;

/*Data for the table `account_achievement_progress` */

LOCK TABLES `account_achievement_progress` WRITE;

insert  into `account_achievement_progress`(`account`,`criteria`,`counter`,`date`) values (7,15688,1055,1480095057);

UNLOCK TABLES;

/*Table structure for table `account_data` */

DROP TABLE IF EXISTS `account_data`;

CREATE TABLE `account_data` (
  `accountId` int(10) unsigned NOT NULL DEFAULT '0' COMMENT 'Account Identifier',
  `type` tinyint(3) unsigned NOT NULL DEFAULT '0',
  `time` int(10) unsigned NOT NULL DEFAULT '0',
  `data` blob NOT NULL,
  PRIMARY KEY (`accountId`,`type`)
) ENGINE=MyISAM DEFAULT CHARSET=utf8;

/*Data for the table `account_data` */

LOCK TABLES `account_data` WRITE;

UNLOCK TABLES;

/*Table structure for table `account_instance_times` */

DROP TABLE IF EXISTS `account_instance_times`;

CREATE TABLE `account_instance_times` (
  `accountId` int(10) unsigned NOT NULL,
  `instanceId` int(10) unsigned NOT NULL DEFAULT '0',
  `releaseTime` bigint(20) unsigned NOT NULL DEFAULT '0',
  PRIMARY KEY (`accountId`,`instanceId`)
) ENGINE=InnoDB DEFAULT CHARSET=utf8;

/*Data for the table `account_instance_times` */

LOCK TABLES `account_instance_times` WRITE;

UNLOCK TABLES;

/*Table structure for table `account_tutorial` */

DROP TABLE IF EXISTS `account_tutorial`;

CREATE TABLE `account_tutorial` (
  `accountId` int(10) unsigned NOT NULL DEFAULT '0' COMMENT 'Account Identifier',
  `tut0` int(10) unsigned NOT NULL DEFAULT '0',
  `tut1` int(10) unsigned NOT NULL DEFAULT '0',
  `tut2` int(10) unsigned NOT NULL DEFAULT '0',
  `tut3` int(10) unsigned NOT NULL DEFAULT '0',
  `tut4` int(10) unsigned NOT NULL DEFAULT '0',
  `tut5` int(10) unsigned NOT NULL DEFAULT '0',
  `tut6` int(10) unsigned NOT NULL DEFAULT '0',
  `tut7` int(10) unsigned NOT NULL DEFAULT '0',
  PRIMARY KEY (`accountId`)
) ENGINE=InnoDB DEFAULT CHARSET=utf8;

/*Data for the table `account_tutorial` */

LOCK TABLES `account_tutorial` WRITE;

insert  into `account_tutorial`(`accountId`,`tut0`,`tut1`,`tut2`,`tut3`,`tut4`,`tut5`,`tut6`,`tut7`) values (7,15730619,348127399,0,0,0,0,0,0);

UNLOCK TABLES;

/*Table structure for table `addons` */

DROP TABLE IF EXISTS `addons`;

CREATE TABLE `addons` (
  `name` varchar(120) NOT NULL DEFAULT '',
  `crc` int(10) unsigned NOT NULL DEFAULT '0',
  PRIMARY KEY (`name`)
) ENGINE=InnoDB DEFAULT CHARSET=utf8 COMMENT='Addons';

/*Data for the table `addons` */

LOCK TABLES `addons` WRITE;

insert  into `addons`(`name`,`crc`) values ('Blizzard_AchievementUI',1276933997),('Blizzard_ArchaeologyUI',1276933997),('Blizzard_ArenaUI',1276933997),('Blizzard_AuctionUI',1276933997),('Blizzard_AuthChallengeUI',1276933997),('Blizzard_BarbershopUI',1276933997),('Blizzard_BattlefieldMinimap',1276933997),('Blizzard_BindingUI',1276933997),('Blizzard_BlackMarketUI',1276933997),('Blizzard_Calendar',1276933997),('Blizzard_ChallengesUI',1276933997),('Blizzard_ClientSavedVariables',1276933997),('Blizzard_CombatLog',1276933997),('Blizzard_CombatText',1276933997),('Blizzard_CompactRaidFrames',1276933997),('Blizzard_CUFProfiles',1276933997),('Blizzard_DebugTools',1276933997),('Blizzard_EncounterJournal',1276933997),('Blizzard_GlyphUI',1276933997),('Blizzard_GMChatUI',1276933997),('Blizzard_GMSurveyUI',1276933997),('Blizzard_GuildBankUI',1276933997),('Blizzard_GuildControlUI',1276933997),('Blizzard_GuildUI',1276933997),('Blizzard_InspectUI',1276933997),('Blizzard_ItemAlterationUI',1276933997),('Blizzard_ItemSocketingUI',1276933997),('Blizzard_ItemUpgradeUI',1276933997),('Blizzard_LookingForGuildUI',1276933997),('Blizzard_MacroUI',1276933997),('Blizzard_MovePad',1276933997),('Blizzard_PetBattleUI',1276933997),('Blizzard_PetJournal',1276933997),('Blizzard_PVPUI',1276933997),('Blizzard_QuestChoice',1276933997),('Blizzard_RaidUI',1276933997),('Blizzard_ReforgingUI',1276933997),('Blizzard_StoreUI',1276933997),('Blizzard_TalentUI',1276933997),('Blizzard_TimeManager',1276933997),('Blizzard_TokenUI',1276933997),('Blizzard_TradeSkillUI',1276933997),('Blizzard_TrainerUI',1276933997),('Blizzard_VoidStorageUI',1276933997);

UNLOCK TABLES;

/*Table structure for table `auctionhouse` */

DROP TABLE IF EXISTS `auctionhouse`;

CREATE TABLE `auctionhouse` (
  `id` int(10) unsigned NOT NULL DEFAULT '0',
  `auctioneerguid` int(10) unsigned NOT NULL DEFAULT '0',
  `itemguid` int(10) unsigned NOT NULL DEFAULT '0',
  `itemowner` int(10) unsigned NOT NULL DEFAULT '0',
  `buyoutprice` int(10) unsigned NOT NULL DEFAULT '0',
  `time` int(10) unsigned NOT NULL DEFAULT '0',
  `buyguid` int(10) unsigned NOT NULL DEFAULT '0',
  `lastbid` int(10) unsigned NOT NULL DEFAULT '0',
  `startbid` int(10) unsigned NOT NULL DEFAULT '0',
  `deposit` int(10) unsigned NOT NULL DEFAULT '0',
  PRIMARY KEY (`id`),
  UNIQUE KEY `item_guid` (`itemguid`)
) ENGINE=InnoDB DEFAULT CHARSET=utf8;

/*Data for the table `auctionhouse` */

LOCK TABLES `auctionhouse` WRITE;

UNLOCK TABLES;

/*Table structure for table `autobroadcast` */

DROP TABLE IF EXISTS `autobroadcast`;

CREATE TABLE `autobroadcast` (
  `id` int(11) NOT NULL AUTO_INCREMENT,
  `text` longtext NOT NULL,
  PRIMARY KEY (`id`)
) ENGINE=MyISAM DEFAULT CHARSET=utf8;

/*Data for the table `autobroadcast` */

LOCK TABLES `autobroadcast` WRITE;

UNLOCK TABLES;

/*Table structure for table `blackmarket` */

DROP TABLE IF EXISTS `blackmarket`;

CREATE TABLE `blackmarket` (
  `id` int(10) unsigned NOT NULL DEFAULT '0' COMMENT 'Global Identifier',
  `templateId` int(10) unsigned NOT NULL DEFAULT '0' COMMENT 'Reference to world.blackmarket_template',
  `startTime` int(10) unsigned NOT NULL DEFAULT '0' COMMENT 'Start time of the bid',
  `bid` bigint(10) unsigned NOT NULL DEFAULT '0' COMMENT 'Amount of the actual bid',
  `bidder` int(10) unsigned NOT NULL DEFAULT '0' COMMENT 'Player guid (highest bid)',
  `bidderCount` int(10) NOT NULL DEFAULT '0',
  PRIMARY KEY (`id`)
) ENGINE=InnoDB DEFAULT CHARSET=utf8;

/*Data for the table `blackmarket` */

LOCK TABLES `blackmarket` WRITE;

insert  into `blackmarket`(`id`,`templateId`,`startTime`,`bid`,`bidder`,`bidderCount`) values (1,84,1480011198,150000000,0,0),(2,36,1480011200,100000000,0,0),(3,35,1480011209,100000000,0,0),(4,47,1480011206,100000000,0,0),(5,46,1480011215,100000000,0,0),(6,62,1480011156,100000000,0,0),(7,44,1480011150,100000000,0,0),(8,56,1480011221,100000000,0,0),(9,43,1480011209,100000000,0,0),(10,31,1480011214,100000000,0,0);

UNLOCK TABLES;

/*Table structure for table `bugreport` */

DROP TABLE IF EXISTS `bugreport`;

CREATE TABLE `bugreport` (
  `id` int(10) unsigned NOT NULL AUTO_INCREMENT COMMENT 'Identifier',
  `type` longtext NOT NULL,
  `content` longtext NOT NULL,
  PRIMARY KEY (`id`)
) ENGINE=InnoDB DEFAULT CHARSET=utf8 COMMENT='Debug System';

/*Data for the table `bugreport` */

LOCK TABLES `bugreport` WRITE;

UNLOCK TABLES;

/*Table structure for table `channels` */

DROP TABLE IF EXISTS `channels`;

CREATE TABLE `channels` (
  `name` varchar(128) NOT NULL,
  `team` int(10) unsigned NOT NULL,
  `announce` tinyint(3) unsigned NOT NULL DEFAULT '1',
  `ownership` tinyint(3) unsigned NOT NULL DEFAULT '1',
  `password` varchar(32) DEFAULT NULL,
  `bannedList` text,
  `lastUsed` int(10) unsigned NOT NULL,
  PRIMARY KEY (`name`,`team`)
) ENGINE=InnoDB DEFAULT CHARSET=utf8 COMMENT='Channel System';

/*Data for the table `channels` */

LOCK TABLES `channels` WRITE;

UNLOCK TABLES;

/*Table structure for table `character_account_data` */

DROP TABLE IF EXISTS `character_account_data`;

CREATE TABLE `character_account_data` (
  `guid` int(10) unsigned NOT NULL DEFAULT '0',
  `type` tinyint(3) unsigned NOT NULL DEFAULT '0',
  `time` int(10) unsigned NOT NULL DEFAULT '0',
  `data` blob NOT NULL,
  PRIMARY KEY (`guid`,`type`)
) ENGINE=InnoDB DEFAULT CHARSET=utf8;

/*Data for the table `character_account_data` */

LOCK TABLES `character_account_data` WRITE;

insert  into `character_account_data`(`guid`,`type`,`time`,`data`) values (1,1,1480019388,'SET minimapZoom \"2\"\r\nSET autoQuestPopUps \"v\"\r\nSET trackedQuests \"v#:6&\'n\"\r\nSET trackedAchievements \"v\"\r\nSET cameraSavedDistance \"5.550000\"\r\nSET cameraSavedPitch \"9.550006\"\r\nSET minimapTrackedInfov2 \"229384\"\r\nSET minimapShapeshiftTracking \"v\"\r\nSET reputationsCollapsed \"v##$\"\r\nSET activeCUFProfile \"Основной\"\r\nSET EJLootClass \"2\"\r\n'),(1,7,1480011168,'VERSION 5\n\nADDEDVERSION 19\n\nCHANNELS\nEND\n\nZONECHANNELS 35651587\n\nCOLORS\n\nSYSTEM 255 255 0 N\nSAY 255 255 255 N\nPARTY 170 170 255 N\nRAID 255 127 0 N\nGUILD 64 255 64 N\nOFFICER 64 192 64 N\nYELL 255 64 64 N\nWHISPER 255 128 255 N\nWHISPER_FOREIGN 255 128 255 N\nWHISPER_INFORM 255 128 255 N\nEMOTE 255 128 64 N\nTEXT_EMOTE 255 128 64 N\nMONSTER_SAY 255 255 159 N\nMONSTER_PARTY 170 170 255 N\nMONSTER_YELL 255 64 64 N\nMONSTER_WHISPER 255 181 235 N\nMONSTER_EMOTE 255 128 64 N\nCHANNEL 255 192 192 N\nCHANNEL_JOIN 192 128 128 N\nCHANNEL_LEAVE 192 128 128 N\nCHANNEL_LIST 192 128 128 N\nCHANNEL_NOTICE 192 192 192 N\nCHANNEL_NOTICE_USER 192 192 192 N\nAFK 255 128 255 N\nDND 255 128 255 N\nIGNORED 255 0 0 N\nSKILL 85 85 255 N\nLOOT 0 170 0 N\nMONEY 255 255 0 N\nOPENING 128 128 255 N\nTRADESKILLS 255 255 255 N\nPET_INFO 128 128 255 N\nCOMBAT_MISC_INFO 128 128 255 N\nCOMBAT_XP_GAIN 111 111 255 N\nCOMBAT_HONOR_GAIN 224 202 10 N\nCOMBAT_FACTION_CHANGE 128 128 255 N\nBG_SYSTEM_NEUTRAL 255 120 10 N\nBG_SYSTEM_ALLIANCE 0 174 239 N\nBG_SYSTEM_HORDE 255 0 0 N\nRAID_LEADER 255 72 9 N\nRAID_WARNING 255 72 0 N\nRAID_BOSS_EMOTE 255 221 0 N\nRAID_BOSS_WHISPER 255 221 0 N\nFILTERED 255 0 0 N\nRESTRICTED 255 0 0 N\nBATTLENET 255 255 255 N\nACHIEVEMENT 255 255 0 N\nGUILD_ACHIEVEMENT 64 255 64 N\nARENA_POINTS 255 255 255 N\nPARTY_LEADER 118 200 255 N\nTARGETICONS 255 255 0 N\nBN_WHISPER 0 255 246 N\nBN_WHISPER_INFORM 0 255 246 N\nBN_CONVERSATION 0 177 240 N\nBN_CONVERSATION_NOTICE 0 177 240 N\nBN_CONVERSATION_LIST 0 177 240 N\nBN_INLINE_TOAST_ALERT 130 197 255 N\nBN_INLINE_TOAST_BROADCAST 130 197 255 N\nBN_INLINE_TOAST_BROADCAST_INFORM 130 197 255 N\nBN_INLINE_TOAST_CONVERSATION 130 197 255 N\nBN_WHISPER_PLAYER_OFFLINE 255 255 0 N\nCOMBAT_GUILD_XP_GAIN 111 111 255 N\nCURRENCY 0 170 0 N\nQUEST_BOSS_EMOTE 255 128 64 N\nPET_BATTLE_COMBAT_LOG 231 222 171 N\nPET_BATTLE_INFO 225 222 93 N\nINSTANCE_CHAT 255 127 0 N\nINSTANCE_CHAT_LEADER 255 72 9 N\nCHANNEL1 255 192 192 N\nCHANNEL2 255 192 192 N\nCHANNEL3 255 192 192 N\nCHANNEL4 255 192 192 N\nCHANNEL5 255 192 192 N\nCHANNEL6 255 192 192 N\nCHANNEL7 255 192 192 N\nCHANNEL8 255 192 192 N\nCHANNEL9 255 192 192 N\nCHANNEL10 255 192 192 N\nEND\n\nWINDOW 1\nNAME Общий\nSIZE 0\nCOLOR 0 0 0 40\nLOCKED 1\nUNINTERACTABLE 0\nDOCKED 1\nSHOWN 1\nMESSAGES\nSYSTEM\nSYSTEM_NOMENU\nSAY\nEMOTE\nYELL\nWHISPER\nPARTY\nPARTY_LEADER\nRAID\nRAID_LEADER\nRAID_WARNING\nGUILD\nOFFICER\nMONSTER_SAY\nMONSTER_YELL\nMONSTER_EMOTE\nMONSTER_WHISPER\nMONSTER_BOSS_EMOTE\nMONSTER_BOSS_WHISPER\nERRORS\nAFK\nDND\nIGNORED\nBG_HORDE\nBG_ALLIANCE\nBG_NEUTRAL\nCOMBAT_FACTION_CHANGE\nSKILL\nLOOT\nMONEY\nCHANNEL\nACHIEVEMENT\nGUILD_ACHIEVEMENT\nBN_WHISPER\nBN_WHISPER_INFORM\nBN_CONVERSATION\nBN_INLINE_TOAST_ALERT\nCURRENCY\nBN_WHISPER_PLAYER_OFFLINE\nPET_BATTLE_INFO\nINSTANCE_CHAT\nINSTANCE_CHAT_LEADER\nEND\n\nCHANNELS\nEND\n\nZONECHANNELS 35651587\n\nEND\n\nWINDOW 2\nNAME Журнал боя\nSIZE 0\nCOLOR 0 0 0 40\nLOCKED 1\nUNINTERACTABLE 0\nDOCKED 2\nSHOWN 0\nMESSAGES\nOPENING\nTRADESKILLS\nPET_INFO\nCOMBAT_XP_GAIN\nCOMBAT_HONOR_GAIN\nCOMBAT_MISC_INFO\nCOMBAT_GUILD_XP_GAIN\nEND\n\nCHANNELS\nEND\n\nZONECHANNELS 0\n\nEND\n\nWINDOW 3\nSIZE 0\nCOLOR 0 0 0 40\nLOCKED 1\nUNINTERACTABLE 0\nDOCKED 0\nSHOWN 0\nMESSAGES\nEND\n\nCHANNELS\nEND\n\nZONECHANNELS 0\n\nEND\n\nWINDOW 4\nSIZE 0\nCOLOR 0 0 0 40\nLOCKED 1\nUNINTERACTABLE 0\nDOCKED 0\nSHOWN 0\nMESSAGES\nEND\n\nCHANNELS\nEND\n\nZONECHANNELS 0\n\nEND\n\nWINDOW 5\nSIZE 0\nCOLOR 0 0 0 40\nLOCKED 1\nUNINTERACTABLE 0\nDOCKED 0\nSHOWN 0\nMESSAGES\nEND\n\nCHANNELS\nEND\n\nZONECHANNELS 0\n\nEND\n\nWINDOW 6\nSIZE 0\nCOLOR 0 0 0 40\nLOCKED 1\nUNINTERACTABLE 0\nDOCKED 0\nSHOWN 0\nMESSAGES\nEND\n\nCHANNELS\nEND\n\nZONECHANNELS 0\n\nEND\n\nWINDOW 7\nSIZE 0\nCOLOR 0 0 0 40\nLOCKED 1\nUNINTERACTABLE 0\nDOCKED 0\nSHOWN 0\nMESSAGES\nEND\n\nCHANNELS\nEND\n\nZONECHANNELS 0\n\nEND\n\nWINDOW 8\nSIZE 0\nCOLOR 0 0 0 40\nLOCKED 1\nUNINTERACTABLE 0\nDOCKED 0\nSHOWN 0\nMESSAGES\nEND\n\nCHANNELS\nEND\n\nZONECHANNELS 0\n\nEND\n\nWINDOW 9\nSIZE 0\nCOLOR 0 0 0 40\nLOCKED 1\nUNINTERACTABLE 0\nDOCKED 0\nSHOWN 0\nMESSAGES\nEND\n\nCHANNELS\nEND\n\nZONECHANNELS 0\n\nEND\n\nWINDOW 10\nSIZE 0\nCOLOR 0 0 0 40\nLOCKED 1\nUNINTERACTABLE 0\nDOCKED 0\nSHOWN 0\nMESSAGES\nEND\n\nCHANNELS\nEND\n\nZONECHANNELS 0\n\nEND\n\n'),(2,1,1480017649,'SET autoQuestPopUps \"v##$\"\r\nSET trackedQuests \"v&H7\"\r\nSET trackedAchievements \"v\"\r\nSET cameraSavedDistance \"5.550000\"\r\nSET cameraSavedPitch \"15.300006\"\r\nSET minimapTrackedInfov2 \"229384\"\r\nSET minimapShapeshiftTracking \"v\"\r\nSET reputationsCollapsed \"v##$\"\r\nSET activeCUFProfile \"Основной\"\r\nSET EJLootClass \"10\"\r\n'),(2,7,1480017650,'VERSION 5\n\nADDEDVERSION 19\n\nCHANNELS\nEND\n\nZONECHANNELS 35651587\n\nCOLORS\n\nSYSTEM 255 255 0 N\nSAY 255 255 255 N\nPARTY 170 170 255 N\nRAID 255 127 0 N\nGUILD 64 255 64 N\nOFFICER 64 192 64 N\nYELL 255 64 64 N\nWHISPER 255 128 255 N\nWHISPER_FOREIGN 255 128 255 N\nWHISPER_INFORM 255 128 255 N\nEMOTE 255 128 64 N\nTEXT_EMOTE 255 128 64 N\nMONSTER_SAY 255 255 159 N\nMONSTER_PARTY 170 170 255 N\nMONSTER_YELL 255 64 64 N\nMONSTER_WHISPER 255 181 235 N\nMONSTER_EMOTE 255 128 64 N\nCHANNEL 255 192 192 N\nCHANNEL_JOIN 192 128 128 N\nCHANNEL_LEAVE 192 128 128 N\nCHANNEL_LIST 192 128 128 N\nCHANNEL_NOTICE 192 192 192 N\nCHANNEL_NOTICE_USER 192 192 192 N\nAFK 255 128 255 N\nDND 255 128 255 N\nIGNORED 255 0 0 N\nSKILL 85 85 255 N\nLOOT 0 170 0 N\nMONEY 255 255 0 N\nOPENING 128 128 255 N\nTRADESKILLS 255 255 255 N\nPET_INFO 128 128 255 N\nCOMBAT_MISC_INFO 128 128 255 N\nCOMBAT_XP_GAIN 111 111 255 N\nCOMBAT_HONOR_GAIN 224 202 10 N\nCOMBAT_FACTION_CHANGE 128 128 255 N\nBG_SYSTEM_NEUTRAL 255 120 10 N\nBG_SYSTEM_ALLIANCE 0 174 239 N\nBG_SYSTEM_HORDE 255 0 0 N\nRAID_LEADER 255 72 9 N\nRAID_WARNING 255 72 0 N\nRAID_BOSS_EMOTE 255 221 0 N\nRAID_BOSS_WHISPER 255 221 0 N\nFILTERED 255 0 0 N\nRESTRICTED 255 0 0 N\nBATTLENET 255 255 255 N\nACHIEVEMENT 255 255 0 N\nGUILD_ACHIEVEMENT 64 255 64 N\nARENA_POINTS 255 255 255 N\nPARTY_LEADER 118 200 255 N\nTARGETICONS 255 255 0 N\nBN_WHISPER 0 255 246 N\nBN_WHISPER_INFORM 0 255 246 N\nBN_CONVERSATION 0 177 240 N\nBN_CONVERSATION_NOTICE 0 177 240 N\nBN_CONVERSATION_LIST 0 177 240 N\nBN_INLINE_TOAST_ALERT 130 197 255 N\nBN_INLINE_TOAST_BROADCAST 130 197 255 N\nBN_INLINE_TOAST_BROADCAST_INFORM 130 197 255 N\nBN_INLINE_TOAST_CONVERSATION 130 197 255 N\nBN_WHISPER_PLAYER_OFFLINE 255 255 0 N\nCOMBAT_GUILD_XP_GAIN 111 111 255 N\nCURRENCY 0 170 0 N\nQUEST_BOSS_EMOTE 255 128 64 N\nPET_BATTLE_COMBAT_LOG 231 222 171 N\nPET_BATTLE_INFO 225 222 93 N\nINSTANCE_CHAT 255 127 0 N\nINSTANCE_CHAT_LEADER 255 72 9 N\nCHANNEL1 255 192 192 N\nCHANNEL2 255 192 192 N\nCHANNEL3 255 192 192 N\nCHANNEL4 255 192 192 N\nCHANNEL5 255 192 192 N\nCHANNEL6 255 192 192 N\nCHANNEL7 255 192 192 N\nCHANNEL8 255 192 192 N\nCHANNEL9 255 192 192 N\nCHANNEL10 255 192 192 N\nEND\n\nWINDOW 1\nNAME Общий\nSIZE 0\nCOLOR 0 0 0 40\nLOCKED 1\nUNINTERACTABLE 0\nDOCKED 1\nSHOWN 1\nMESSAGES\nSYSTEM\nSYSTEM_NOMENU\nSAY\nEMOTE\nYELL\nWHISPER\nPARTY\nPARTY_LEADER\nRAID\nRAID_LEADER\nRAID_WARNING\nGUILD\nOFFICER\nMONSTER_SAY\nMONSTER_YELL\nMONSTER_EMOTE\nMONSTER_WHISPER\nMONSTER_BOSS_EMOTE\nMONSTER_BOSS_WHISPER\nERRORS\nAFK\nDND\nIGNORED\nBG_HORDE\nBG_ALLIANCE\nBG_NEUTRAL\nCOMBAT_FACTION_CHANGE\nSKILL\nLOOT\nMONEY\nCHANNEL\nACHIEVEMENT\nGUILD_ACHIEVEMENT\nBN_WHISPER\nBN_WHISPER_INFORM\nBN_CONVERSATION\nBN_INLINE_TOAST_ALERT\nCURRENCY\nBN_WHISPER_PLAYER_OFFLINE\nPET_BATTLE_INFO\nINSTANCE_CHAT\nINSTANCE_CHAT_LEADER\nEND\n\nCHANNELS\nEND\n\nZONECHANNELS 35651587\n\nEND\n\nWINDOW 2\nNAME Журнал боя\nSIZE 0\nCOLOR 0 0 0 40\nLOCKED 1\nUNINTERACTABLE 0\nDOCKED 2\nSHOWN 0\nMESSAGES\nOPENING\nTRADESKILLS\nPET_INFO\nCOMBAT_XP_GAIN\nCOMBAT_HONOR_GAIN\nCOMBAT_MISC_INFO\nCOMBAT_GUILD_XP_GAIN\nEND\n\nCHANNELS\nEND\n\nZONECHANNELS 0\n\nEND\n\nWINDOW 3\nSIZE 0\nCOLOR 0 0 0 40\nLOCKED 1\nUNINTERACTABLE 0\nDOCKED 0\nSHOWN 0\nMESSAGES\nEND\n\nCHANNELS\nEND\n\nZONECHANNELS 0\n\nEND\n\nWINDOW 4\nSIZE 0\nCOLOR 0 0 0 40\nLOCKED 1\nUNINTERACTABLE 0\nDOCKED 0\nSHOWN 0\nMESSAGES\nEND\n\nCHANNELS\nEND\n\nZONECHANNELS 0\n\nEND\n\nWINDOW 5\nSIZE 0\nCOLOR 0 0 0 40\nLOCKED 1\nUNINTERACTABLE 0\nDOCKED 0\nSHOWN 0\nMESSAGES\nEND\n\nCHANNELS\nEND\n\nZONECHANNELS 0\n\nEND\n\nWINDOW 6\nSIZE 0\nCOLOR 0 0 0 40\nLOCKED 1\nUNINTERACTABLE 0\nDOCKED 0\nSHOWN 0\nMESSAGES\nEND\n\nCHANNELS\nEND\n\nZONECHANNELS 0\n\nEND\n\nWINDOW 7\nSIZE 0\nCOLOR 0 0 0 40\nLOCKED 1\nUNINTERACTABLE 0\nDOCKED 0\nSHOWN 0\nMESSAGES\nEND\n\nCHANNELS\nEND\n\nZONECHANNELS 0\n\nEND\n\nWINDOW 8\nSIZE 0\nCOLOR 0 0 0 40\nLOCKED 1\nUNINTERACTABLE 0\nDOCKED 0\nSHOWN 0\nMESSAGES\nEND\n\nCHANNELS\nEND\n\nZONECHANNELS 0\n\nEND\n\nWINDOW 9\nSIZE 0\nCOLOR 0 0 0 40\nLOCKED 1\nUNINTERACTABLE 0\nDOCKED 0\nSHOWN 0\nMESSAGES\nEND\n\nCHANNELS\nEND\n\nZONECHANNELS 0\n\nEND\n\nWINDOW 10\nSIZE 0\nCOLOR 0 0 0 40\nLOCKED 1\nUNINTERACTABLE 0\nDOCKED 0\nSHOWN 0\nMESSAGES\nEND\n\nCHANNELS\nEND\n\nZONECHANNELS 0\n\nEND\n\n'),(3,1,1480093793,'SET autoQuestPopUps \"v\"\r\nSET trackedQuests \"v##Y&-J\"\r\nSET trackedAchievements \"v\"\r\nSET cameraSavedDistance \"4.550400\"\r\nSET cameraSavedPitch \"17.049990\"\r\nSET minimapTrackedInfov2 \"229384\"\r\nSET minimapShapeshiftTracking \"v\"\r\nSET reputationsCollapsed \"v##$\"\r\nSET activeCUFProfile \"Основной\"\r\nSET EJLootClass \"8\"\r\n'),(3,7,1480093794,'VERSION 5\n\nADDEDVERSION 19\n\nCHANNELS\nEND\n\nZONECHANNELS 35651587\n\nCOLORS\n\nSYSTEM 255 255 0 N\nSAY 255 255 255 N\nPARTY 170 170 255 N\nRAID 255 127 0 N\nGUILD 64 255 64 N\nOFFICER 64 192 64 N\nYELL 255 64 64 N\nWHISPER 255 128 255 N\nWHISPER_FOREIGN 255 128 255 N\nWHISPER_INFORM 255 128 255 N\nEMOTE 255 128 64 N\nTEXT_EMOTE 255 128 64 N\nMONSTER_SAY 255 255 159 N\nMONSTER_PARTY 170 170 255 N\nMONSTER_YELL 255 64 64 N\nMONSTER_WHISPER 255 181 235 N\nMONSTER_EMOTE 255 128 64 N\nCHANNEL 255 192 192 N\nCHANNEL_JOIN 192 128 128 N\nCHANNEL_LEAVE 192 128 128 N\nCHANNEL_LIST 192 128 128 N\nCHANNEL_NOTICE 192 192 192 N\nCHANNEL_NOTICE_USER 192 192 192 N\nAFK 255 128 255 N\nDND 255 128 255 N\nIGNORED 255 0 0 N\nSKILL 85 85 255 N\nLOOT 0 170 0 N\nMONEY 255 255 0 N\nOPENING 128 128 255 N\nTRADESKILLS 255 255 255 N\nPET_INFO 128 128 255 N\nCOMBAT_MISC_INFO 128 128 255 N\nCOMBAT_XP_GAIN 111 111 255 N\nCOMBAT_HONOR_GAIN 224 202 10 N\nCOMBAT_FACTION_CHANGE 128 128 255 N\nBG_SYSTEM_NEUTRAL 255 120 10 N\nBG_SYSTEM_ALLIANCE 0 174 239 N\nBG_SYSTEM_HORDE 255 0 0 N\nRAID_LEADER 255 72 9 N\nRAID_WARNING 255 72 0 N\nRAID_BOSS_EMOTE 255 221 0 N\nRAID_BOSS_WHISPER 255 221 0 N\nFILTERED 255 0 0 N\nRESTRICTED 255 0 0 N\nBATTLENET 255 255 255 N\nACHIEVEMENT 255 255 0 N\nGUILD_ACHIEVEMENT 64 255 64 N\nARENA_POINTS 255 255 255 N\nPARTY_LEADER 118 200 255 N\nTARGETICONS 255 255 0 N\nBN_WHISPER 0 255 246 N\nBN_WHISPER_INFORM 0 255 246 N\nBN_CONVERSATION 0 177 240 N\nBN_CONVERSATION_NOTICE 0 177 240 N\nBN_CONVERSATION_LIST 0 177 240 N\nBN_INLINE_TOAST_ALERT 130 197 255 N\nBN_INLINE_TOAST_BROADCAST 130 197 255 N\nBN_INLINE_TOAST_BROADCAST_INFORM 130 197 255 N\nBN_INLINE_TOAST_CONVERSATION 130 197 255 N\nBN_WHISPER_PLAYER_OFFLINE 255 255 0 N\nCOMBAT_GUILD_XP_GAIN 111 111 255 N\nCURRENCY 0 170 0 N\nQUEST_BOSS_EMOTE 255 128 64 N\nPET_BATTLE_COMBAT_LOG 231 222 171 N\nPET_BATTLE_INFO 225 222 93 N\nINSTANCE_CHAT 255 127 0 N\nINSTANCE_CHAT_LEADER 255 72 9 N\nCHANNEL1 255 192 192 N\nCHANNEL2 255 192 192 N\nCHANNEL3 255 192 192 N\nCHANNEL4 255 192 192 N\nCHANNEL5 255 192 192 N\nCHANNEL6 255 192 192 N\nCHANNEL7 255 192 192 N\nCHANNEL8 255 192 192 N\nCHANNEL9 255 192 192 N\nCHANNEL10 255 192 192 N\nEND\n\nWINDOW 1\nNAME Общий\nSIZE 0\nCOLOR 0 0 0 40\nLOCKED 1\nUNINTERACTABLE 0\nDOCKED 1\nSHOWN 1\nMESSAGES\nSYSTEM\nSYSTEM_NOMENU\nSAY\nEMOTE\nYELL\nWHISPER\nPARTY\nPARTY_LEADER\nRAID\nRAID_LEADER\nRAID_WARNING\nGUILD\nOFFICER\nMONSTER_SAY\nMONSTER_YELL\nMONSTER_EMOTE\nMONSTER_WHISPER\nMONSTER_BOSS_EMOTE\nMONSTER_BOSS_WHISPER\nERRORS\nAFK\nDND\nIGNORED\nBG_HORDE\nBG_ALLIANCE\nBG_NEUTRAL\nCOMBAT_FACTION_CHANGE\nSKILL\nLOOT\nMONEY\nCHANNEL\nACHIEVEMENT\nGUILD_ACHIEVEMENT\nBN_WHISPER\nBN_WHISPER_INFORM\nBN_CONVERSATION\nBN_INLINE_TOAST_ALERT\nCURRENCY\nBN_WHISPER_PLAYER_OFFLINE\nPET_BATTLE_INFO\nINSTANCE_CHAT\nINSTANCE_CHAT_LEADER\nEND\n\nCHANNELS\nEND\n\nZONECHANNELS 35651587\n\nEND\n\nWINDOW 2\nNAME Журнал боя\nSIZE 0\nCOLOR 0 0 0 40\nLOCKED 1\nUNINTERACTABLE 0\nDOCKED 2\nSHOWN 0\nMESSAGES\nOPENING\nTRADESKILLS\nPET_INFO\nCOMBAT_XP_GAIN\nCOMBAT_HONOR_GAIN\nCOMBAT_MISC_INFO\nCOMBAT_GUILD_XP_GAIN\nEND\n\nCHANNELS\nEND\n\nZONECHANNELS 0\n\nEND\n\nWINDOW 3\nSIZE 0\nCOLOR 0 0 0 40\nLOCKED 1\nUNINTERACTABLE 0\nDOCKED 0\nSHOWN 0\nMESSAGES\nEND\n\nCHANNELS\nEND\n\nZONECHANNELS 0\n\nEND\n\nWINDOW 4\nSIZE 0\nCOLOR 0 0 0 40\nLOCKED 1\nUNINTERACTABLE 0\nDOCKED 0\nSHOWN 0\nMESSAGES\nEND\n\nCHANNELS\nEND\n\nZONECHANNELS 0\n\nEND\n\nWINDOW 5\nSIZE 0\nCOLOR 0 0 0 40\nLOCKED 1\nUNINTERACTABLE 0\nDOCKED 0\nSHOWN 0\nMESSAGES\nEND\n\nCHANNELS\nEND\n\nZONECHANNELS 0\n\nEND\n\nWINDOW 6\nSIZE 0\nCOLOR 0 0 0 40\nLOCKED 1\nUNINTERACTABLE 0\nDOCKED 0\nSHOWN 0\nMESSAGES\nEND\n\nCHANNELS\nEND\n\nZONECHANNELS 0\n\nEND\n\nWINDOW 7\nSIZE 0\nCOLOR 0 0 0 40\nLOCKED 1\nUNINTERACTABLE 0\nDOCKED 0\nSHOWN 0\nMESSAGES\nEND\n\nCHANNELS\nEND\n\nZONECHANNELS 0\n\nEND\n\nWINDOW 8\nSIZE 0\nCOLOR 0 0 0 40\nLOCKED 1\nUNINTERACTABLE 0\nDOCKED 0\nSHOWN 0\nMESSAGES\nEND\n\nCHANNELS\nEND\n\nZONECHANNELS 0\n\nEND\n\nWINDOW 9\nSIZE 0\nCOLOR 0 0 0 40\nLOCKED 1\nUNINTERACTABLE 0\nDOCKED 0\nSHOWN 0\nMESSAGES\nEND\n\nCHANNELS\nEND\n\nZONECHANNELS 0\n\nEND\n\nWINDOW 10\nSIZE 0\nCOLOR 0 0 0 40\nLOCKED 1\nUNINTERACTABLE 0\nDOCKED 0\nSHOWN 0\nMESSAGES\nEND\n\nCHANNELS\nEND\n\nZONECHANNELS 0\n\nEND\n\n'),(4,1,1480096213,'SET minimapZoom \"2\"\r\nSET autoQuestPopUps \"v\"\r\nSET trackedQuests \"v##Y\"\r\nSET trackedAchievements \"v\"\r\nSET cameraSavedDistance \"5.550000\"\r\nSET cameraSavedPitch \"11.199997\"\r\nSET minimapTrackedInfov2 \"229384\"\r\nSET minimapShapeshiftTracking \"v\"\r\nSET reputationsCollapsed \"v##$\"\r\nSET activeCUFProfile \"Основной\"\r\nSET EJLootClass \"2\"\r\n'),(4,7,1480094245,'VERSION 5\n\nADDEDVERSION 19\n\nCHANNELS\nEND\n\nZONECHANNELS 35651587\n\nCOLORS\n\nSYSTEM 255 255 0 N\nSAY 255 255 255 N\nPARTY 170 170 255 N\nRAID 255 127 0 N\nGUILD 64 255 64 N\nOFFICER 64 192 64 N\nYELL 255 64 64 N\nWHISPER 255 128 255 N\nWHISPER_FOREIGN 255 128 255 N\nWHISPER_INFORM 255 128 255 N\nEMOTE 255 128 64 N\nTEXT_EMOTE 255 128 64 N\nMONSTER_SAY 255 255 159 N\nMONSTER_PARTY 170 170 255 N\nMONSTER_YELL 255 64 64 N\nMONSTER_WHISPER 255 181 235 N\nMONSTER_EMOTE 255 128 64 N\nCHANNEL 255 192 192 N\nCHANNEL_JOIN 192 128 128 N\nCHANNEL_LEAVE 192 128 128 N\nCHANNEL_LIST 192 128 128 N\nCHANNEL_NOTICE 192 192 192 N\nCHANNEL_NOTICE_USER 192 192 192 N\nAFK 255 128 255 N\nDND 255 128 255 N\nIGNORED 255 0 0 N\nSKILL 85 85 255 N\nLOOT 0 170 0 N\nMONEY 255 255 0 N\nOPENING 128 128 255 N\nTRADESKILLS 255 255 255 N\nPET_INFO 128 128 255 N\nCOMBAT_MISC_INFO 128 128 255 N\nCOMBAT_XP_GAIN 111 111 255 N\nCOMBAT_HONOR_GAIN 224 202 10 N\nCOMBAT_FACTION_CHANGE 128 128 255 N\nBG_SYSTEM_NEUTRAL 255 120 10 N\nBG_SYSTEM_ALLIANCE 0 174 239 N\nBG_SYSTEM_HORDE 255 0 0 N\nRAID_LEADER 255 72 9 N\nRAID_WARNING 255 72 0 N\nRAID_BOSS_EMOTE 255 221 0 N\nRAID_BOSS_WHISPER 255 221 0 N\nFILTERED 255 0 0 N\nRESTRICTED 255 0 0 N\nBATTLENET 255 255 255 N\nACHIEVEMENT 255 255 0 N\nGUILD_ACHIEVEMENT 64 255 64 N\nARENA_POINTS 255 255 255 N\nPARTY_LEADER 118 200 255 N\nTARGETICONS 255 255 0 N\nBN_WHISPER 0 255 246 N\nBN_WHISPER_INFORM 0 255 246 N\nBN_CONVERSATION 0 177 240 N\nBN_CONVERSATION_NOTICE 0 177 240 N\nBN_CONVERSATION_LIST 0 177 240 N\nBN_INLINE_TOAST_ALERT 130 197 255 N\nBN_INLINE_TOAST_BROADCAST 130 197 255 N\nBN_INLINE_TOAST_BROADCAST_INFORM 130 197 255 N\nBN_INLINE_TOAST_CONVERSATION 130 197 255 N\nBN_WHISPER_PLAYER_OFFLINE 255 255 0 N\nCOMBAT_GUILD_XP_GAIN 111 111 255 N\nCURRENCY 0 170 0 N\nQUEST_BOSS_EMOTE 255 128 64 N\nPET_BATTLE_COMBAT_LOG 231 222 171 N\nPET_BATTLE_INFO 225 222 93 N\nINSTANCE_CHAT 255 127 0 N\nINSTANCE_CHAT_LEADER 255 72 9 N\nCHANNEL1 255 192 192 N\nCHANNEL2 255 192 192 N\nCHANNEL3 255 192 192 N\nCHANNEL4 255 192 192 N\nCHANNEL5 255 192 192 N\nCHANNEL6 255 192 192 N\nCHANNEL7 255 192 192 N\nCHANNEL8 255 192 192 N\nCHANNEL9 255 192 192 N\nCHANNEL10 255 192 192 N\nEND\n\nWINDOW 1\nNAME Общий\nSIZE 0\nCOLOR 0 0 0 40\nLOCKED 1\nUNINTERACTABLE 0\nDOCKED 1\nSHOWN 1\nMESSAGES\nSYSTEM\nSYSTEM_NOMENU\nSAY\nEMOTE\nYELL\nWHISPER\nPARTY\nPARTY_LEADER\nRAID\nRAID_LEADER\nRAID_WARNING\nGUILD\nOFFICER\nMONSTER_SAY\nMONSTER_YELL\nMONSTER_EMOTE\nMONSTER_WHISPER\nMONSTER_BOSS_EMOTE\nMONSTER_BOSS_WHISPER\nERRORS\nAFK\nDND\nIGNORED\nBG_HORDE\nBG_ALLIANCE\nBG_NEUTRAL\nCOMBAT_FACTION_CHANGE\nSKILL\nLOOT\nMONEY\nCHANNEL\nACHIEVEMENT\nGUILD_ACHIEVEMENT\nBN_WHISPER\nBN_WHISPER_INFORM\nBN_CONVERSATION\nBN_INLINE_TOAST_ALERT\nCURRENCY\nBN_WHISPER_PLAYER_OFFLINE\nPET_BATTLE_INFO\nINSTANCE_CHAT\nINSTANCE_CHAT_LEADER\nEND\n\nCHANNELS\nEND\n\nZONECHANNELS 35651587\n\nEND\n\nWINDOW 2\nNAME Журнал боя\nSIZE 0\nCOLOR 0 0 0 40\nLOCKED 1\nUNINTERACTABLE 0\nDOCKED 2\nSHOWN 0\nMESSAGES\nOPENING\nTRADESKILLS\nPET_INFO\nCOMBAT_XP_GAIN\nCOMBAT_HONOR_GAIN\nCOMBAT_MISC_INFO\nCOMBAT_GUILD_XP_GAIN\nEND\n\nCHANNELS\nEND\n\nZONECHANNELS 0\n\nEND\n\nWINDOW 3\nSIZE 0\nCOLOR 0 0 0 40\nLOCKED 1\nUNINTERACTABLE 0\nDOCKED 0\nSHOWN 0\nMESSAGES\nEND\n\nCHANNELS\nEND\n\nZONECHANNELS 0\n\nEND\n\nWINDOW 4\nSIZE 0\nCOLOR 0 0 0 40\nLOCKED 1\nUNINTERACTABLE 0\nDOCKED 0\nSHOWN 0\nMESSAGES\nEND\n\nCHANNELS\nEND\n\nZONECHANNELS 0\n\nEND\n\nWINDOW 5\nSIZE 0\nCOLOR 0 0 0 40\nLOCKED 1\nUNINTERACTABLE 0\nDOCKED 0\nSHOWN 0\nMESSAGES\nEND\n\nCHANNELS\nEND\n\nZONECHANNELS 0\n\nEND\n\nWINDOW 6\nSIZE 0\nCOLOR 0 0 0 40\nLOCKED 1\nUNINTERACTABLE 0\nDOCKED 0\nSHOWN 0\nMESSAGES\nEND\n\nCHANNELS\nEND\n\nZONECHANNELS 0\n\nEND\n\nWINDOW 7\nSIZE 0\nCOLOR 0 0 0 40\nLOCKED 1\nUNINTERACTABLE 0\nDOCKED 0\nSHOWN 0\nMESSAGES\nEND\n\nCHANNELS\nEND\n\nZONECHANNELS 0\n\nEND\n\nWINDOW 8\nSIZE 0\nCOLOR 0 0 0 40\nLOCKED 1\nUNINTERACTABLE 0\nDOCKED 0\nSHOWN 0\nMESSAGES\nEND\n\nCHANNELS\nEND\n\nZONECHANNELS 0\n\nEND\n\nWINDOW 9\nSIZE 0\nCOLOR 0 0 0 40\nLOCKED 1\nUNINTERACTABLE 0\nDOCKED 0\nSHOWN 0\nMESSAGES\nEND\n\nCHANNELS\nEND\n\nZONECHANNELS 0\n\nEND\n\nWINDOW 10\nSIZE 0\nCOLOR 0 0 0 40\nLOCKED 1\nUNINTERACTABLE 0\nDOCKED 0\nSHOWN 0\nMESSAGES\nEND\n\nCHANNELS\nEND\n\nZONECHANNELS 0\n\nEND\n\n'),(5,1,1480096296,'SET minimapZoom \"3\"\r\nSET autoQuestPopUps \"v\"\r\nSET trackedQuests \"v&AH##Y\"\r\nSET trackedAchievements \"v\"\r\nSET cameraSavedDistance \"5.550000\"\r\nSET cameraSavedPitch \"12.699994\"\r\nSET minimapTrackedInfov2 \"229384\"\r\nSET minimapShapeshiftTracking \"v\"\r\nSET reputationsCollapsed \"v##$\"\r\nSET activeCUFProfile \"Основной\"\r\nSET EJLootClass \"1\"\r\n'),(5,7,1480096297,'VERSION 5\n\nADDEDVERSION 19\n\nCHANNELS\nEND\n\nZONECHANNELS 35651587\n\nCOLORS\n\nSYSTEM 255 255 0 N\nSAY 255 255 255 N\nPARTY 170 170 255 N\nRAID 255 127 0 N\nGUILD 64 255 64 N\nOFFICER 64 192 64 N\nYELL 255 64 64 N\nWHISPER 255 128 255 N\nWHISPER_FOREIGN 255 128 255 N\nWHISPER_INFORM 255 128 255 N\nEMOTE 255 128 64 N\nTEXT_EMOTE 255 128 64 N\nMONSTER_SAY 255 255 159 N\nMONSTER_PARTY 170 170 255 N\nMONSTER_YELL 255 64 64 N\nMONSTER_WHISPER 255 181 235 N\nMONSTER_EMOTE 255 128 64 N\nCHANNEL 255 192 192 N\nCHANNEL_JOIN 192 128 128 N\nCHANNEL_LEAVE 192 128 128 N\nCHANNEL_LIST 192 128 128 N\nCHANNEL_NOTICE 192 192 192 N\nCHANNEL_NOTICE_USER 192 192 192 N\nAFK 255 128 255 N\nDND 255 128 255 N\nIGNORED 255 0 0 N\nSKILL 85 85 255 N\nLOOT 0 170 0 N\nMONEY 255 255 0 N\nOPENING 128 128 255 N\nTRADESKILLS 255 255 255 N\nPET_INFO 128 128 255 N\nCOMBAT_MISC_INFO 128 128 255 N\nCOMBAT_XP_GAIN 111 111 255 N\nCOMBAT_HONOR_GAIN 224 202 10 N\nCOMBAT_FACTION_CHANGE 128 128 255 N\nBG_SYSTEM_NEUTRAL 255 120 10 N\nBG_SYSTEM_ALLIANCE 0 174 239 N\nBG_SYSTEM_HORDE 255 0 0 N\nRAID_LEADER 255 72 9 N\nRAID_WARNING 255 72 0 N\nRAID_BOSS_EMOTE 255 221 0 N\nRAID_BOSS_WHISPER 255 221 0 N\nFILTERED 255 0 0 N\nRESTRICTED 255 0 0 N\nBATTLENET 255 255 255 N\nACHIEVEMENT 255 255 0 N\nGUILD_ACHIEVEMENT 64 255 64 N\nARENA_POINTS 255 255 255 N\nPARTY_LEADER 118 200 255 N\nTARGETICONS 255 255 0 N\nBN_WHISPER 0 255 246 N\nBN_WHISPER_INFORM 0 255 246 N\nBN_CONVERSATION 0 177 240 N\nBN_CONVERSATION_NOTICE 0 177 240 N\nBN_CONVERSATION_LIST 0 177 240 N\nBN_INLINE_TOAST_ALERT 130 197 255 N\nBN_INLINE_TOAST_BROADCAST 130 197 255 N\nBN_INLINE_TOAST_BROADCAST_INFORM 130 197 255 N\nBN_INLINE_TOAST_CONVERSATION 130 197 255 N\nBN_WHISPER_PLAYER_OFFLINE 255 255 0 N\nCOMBAT_GUILD_XP_GAIN 111 111 255 N\nCURRENCY 0 170 0 N\nQUEST_BOSS_EMOTE 255 128 64 N\nPET_BATTLE_COMBAT_LOG 231 222 171 N\nPET_BATTLE_INFO 225 222 93 N\nINSTANCE_CHAT 255 127 0 N\nINSTANCE_CHAT_LEADER 255 72 9 N\nCHANNEL1 255 192 192 N\nCHANNEL2 255 192 192 N\nCHANNEL3 255 192 192 N\nCHANNEL4 255 192 192 N\nCHANNEL5 255 192 192 N\nCHANNEL6 255 192 192 N\nCHANNEL7 255 192 192 N\nCHANNEL8 255 192 192 N\nCHANNEL9 255 192 192 N\nCHANNEL10 255 192 192 N\nEND\n\nWINDOW 1\nNAME Общий\nSIZE 0\nCOLOR 0 0 0 40\nLOCKED 1\nUNINTERACTABLE 0\nDOCKED 1\nSHOWN 1\nMESSAGES\nSYSTEM\nSYSTEM_NOMENU\nSAY\nEMOTE\nYELL\nWHISPER\nPARTY\nPARTY_LEADER\nRAID\nRAID_LEADER\nRAID_WARNING\nGUILD\nOFFICER\nMONSTER_SAY\nMONSTER_YELL\nMONSTER_EMOTE\nMONSTER_WHISPER\nMONSTER_BOSS_EMOTE\nMONSTER_BOSS_WHISPER\nERRORS\nAFK\nDND\nIGNORED\nBG_HORDE\nBG_ALLIANCE\nBG_NEUTRAL\nCOMBAT_FACTION_CHANGE\nSKILL\nLOOT\nMONEY\nCHANNEL\nACHIEVEMENT\nGUILD_ACHIEVEMENT\nBN_WHISPER\nBN_WHISPER_INFORM\nBN_CONVERSATION\nBN_INLINE_TOAST_ALERT\nCURRENCY\nBN_WHISPER_PLAYER_OFFLINE\nPET_BATTLE_INFO\nINSTANCE_CHAT\nINSTANCE_CHAT_LEADER\nEND\n\nCHANNELS\nEND\n\nZONECHANNELS 35651587\n\nEND\n\nWINDOW 2\nNAME Журнал боя\nSIZE 0\nCOLOR 0 0 0 40\nLOCKED 1\nUNINTERACTABLE 0\nDOCKED 2\nSHOWN 0\nMESSAGES\nOPENING\nTRADESKILLS\nPET_INFO\nCOMBAT_XP_GAIN\nCOMBAT_HONOR_GAIN\nCOMBAT_MISC_INFO\nCOMBAT_GUILD_XP_GAIN\nEND\n\nCHANNELS\nEND\n\nZONECHANNELS 0\n\nEND\n\nWINDOW 3\nSIZE 0\nCOLOR 0 0 0 40\nLOCKED 1\nUNINTERACTABLE 0\nDOCKED 0\nSHOWN 0\nMESSAGES\nEND\n\nCHANNELS\nEND\n\nZONECHANNELS 0\n\nEND\n\nWINDOW 4\nSIZE 0\nCOLOR 0 0 0 40\nLOCKED 1\nUNINTERACTABLE 0\nDOCKED 0\nSHOWN 0\nMESSAGES\nEND\n\nCHANNELS\nEND\n\nZONECHANNELS 0\n\nEND\n\nWINDOW 5\nSIZE 0\nCOLOR 0 0 0 40\nLOCKED 1\nUNINTERACTABLE 0\nDOCKED 0\nSHOWN 0\nMESSAGES\nEND\n\nCHANNELS\nEND\n\nZONECHANNELS 0\n\nEND\n\nWINDOW 6\nSIZE 0\nCOLOR 0 0 0 40\nLOCKED 1\nUNINTERACTABLE 0\nDOCKED 0\nSHOWN 0\nMESSAGES\nEND\n\nCHANNELS\nEND\n\nZONECHANNELS 0\n\nEND\n\nWINDOW 7\nSIZE 0\nCOLOR 0 0 0 40\nLOCKED 1\nUNINTERACTABLE 0\nDOCKED 0\nSHOWN 0\nMESSAGES\nEND\n\nCHANNELS\nEND\n\nZONECHANNELS 0\n\nEND\n\nWINDOW 8\nSIZE 0\nCOLOR 0 0 0 40\nLOCKED 1\nUNINTERACTABLE 0\nDOCKED 0\nSHOWN 0\nMESSAGES\nEND\n\nCHANNELS\nEND\n\nZONECHANNELS 0\n\nEND\n\nWINDOW 9\nSIZE 0\nCOLOR 0 0 0 40\nLOCKED 1\nUNINTERACTABLE 0\nDOCKED 0\nSHOWN 0\nMESSAGES\nEND\n\nCHANNELS\nEND\n\nZONECHANNELS 0\n\nEND\n\nWINDOW 10\nSIZE 0\nCOLOR 0 0 0 40\nLOCKED 1\nUNINTERACTABLE 0\nDOCKED 0\nSHOWN 0\nMESSAGES\nEND\n\nCHANNELS\nEND\n\nZONECHANNELS 0\n\nEND\n\n');

UNLOCK TABLES;

/*Table structure for table `character_achievement` */

DROP TABLE IF EXISTS `character_achievement`;

CREATE TABLE `character_achievement` (
  `guid` int(10) unsigned NOT NULL,
  `achievement` smallint(5) unsigned NOT NULL,
  PRIMARY KEY (`guid`,`achievement`)
) ENGINE=InnoDB DEFAULT CHARSET=utf8;

/*Data for the table `character_achievement` */

LOCK TABLES `character_achievement` WRITE;

insert  into `character_achievement`(`guid`,`achievement`) values (1,5682),(1,5683),(1,5684),(1,5685),(1,5686),(1,5687),(2,5544),(2,5681);

UNLOCK TABLES;

/*Table structure for table `character_achievement_count` */

DROP TABLE IF EXISTS `character_achievement_count`;

CREATE TABLE `character_achievement_count` (
  `guid` bigint(10) unsigned NOT NULL DEFAULT '0',
  `count` int(10) unsigned NOT NULL DEFAULT '0',
  PRIMARY KEY (`guid`)
) ENGINE=InnoDB DEFAULT CHARSET=utf8;

/*Data for the table `character_achievement_count` */

LOCK TABLES `character_achievement_count` WRITE;

UNLOCK TABLES;

/*Table structure for table `character_achievement_progress` */

DROP TABLE IF EXISTS `character_achievement_progress`;

CREATE TABLE `character_achievement_progress` (
  `guid` int(10) unsigned NOT NULL,
  `criteria` smallint(5) unsigned NOT NULL,
  `counter` int(10) unsigned NOT NULL,
  `date` int(10) unsigned NOT NULL DEFAULT '0',
  PRIMARY KEY (`guid`,`criteria`)
) ENGINE=InnoDB DEFAULT CHARSET=utf8;

/*Data for the table `character_achievement_progress` */

LOCK TABLES `character_achievement_progress` WRITE;

insert  into `character_achievement_progress`(`guid`,`criteria`,`counter`,`date`) values (1,34,9,1480019453),(1,35,9,1480019453),(1,36,9,1480019453),(1,37,9,1480019453),(1,38,9,1480019453),(1,39,9,1480019453),(1,40,9,1480019453),(1,41,9,1480019453),(1,73,9,1480019651),(1,162,7022,1480019468),(1,167,1,1480011167),(1,230,9,1480019651),(1,231,9,1480019651),(1,232,9,1480019651),(1,233,9,1480019651),(1,234,9,1480019651),(1,236,9,1480019651),(1,641,1,1480011167),(1,655,1,1480011167),(1,656,1,1480011167),(1,753,1,1480011167),(1,754,1,1480011167),(1,755,1,1480011167),(1,756,1,1480011167),(1,834,1,1480011167),(1,1146,1,1480011181),(1,1147,1,1480019598),(1,2020,200,1480011167),(1,2030,8566,1480019651),(1,2031,4222,1480019651),(1,2032,4222,1480019651),(1,2033,4222,1480019651),(1,2034,4122,1480019651),(1,2239,9,1480019651),(1,3354,405,1480019463),(1,3361,60,1480011304),(1,3506,405,1480019463),(1,3507,405,1480019463),(1,3510,405,1480019463),(1,3511,405,1480019463),(1,3512,405,1480019463),(1,3631,9,1480019651),(1,4091,60,1480011304),(1,4093,405,1480019463),(1,4224,465,1480019463),(1,5008,1,1480017313),(1,5212,9,1480019453),(1,5215,9,1480019453),(1,5233,8,1480017062),(1,5301,8,1480011167),(1,5305,1,1480019656),(1,5328,4222,1480019651),(1,5329,4222,1480019651),(1,5330,4222,1480019651),(1,5331,8566,1480019651),(1,5332,4122,1480019651),(1,5371,8,1480017037),(1,5372,847,1480019467),(1,5373,88,1480017298),(1,5512,50,1480019468),(1,5529,50,1480019468),(1,7102,1,1480017497),(1,8819,500,1480011167),(1,8820,500,1480011167),(1,8821,500,1480011167),(1,8822,500,1480011167),(1,9598,9,1480019453),(1,9678,4222,1480019651),(1,9679,4122,1480019651),(1,9680,4222,1480019651),(1,9681,4222,1480019651),(1,9682,8566,1480019651),(1,13498,9,1480019453),(1,14174,9,1480019453),(1,14176,9,1480019453),(1,15689,405,1480019463),(1,16463,1,1480011326),(1,16464,1,1480014629),(1,16465,2,1480014661),(1,16466,3,1480016244),(1,16467,5,1480017238),(1,16468,7,1480019511),(1,16826,1122,1480019651),(1,18695,9,1480019453),(2,34,4,1480018029),(2,35,4,1480018029),(2,36,4,1480018029),(2,37,4,1480018029),(2,38,4,1480018029),(2,39,4,1480018029),(2,40,4,1480018029),(2,41,4,1480018029),(2,73,4,1480018029),(2,162,1254,1480018022),(2,167,1,1480017649),(2,230,4,1480018029),(2,231,4,1480018029),(2,232,4,1480018029),(2,233,4,1480018029),(2,234,4,1480018029),(2,236,4,1480018029),(2,641,1,1480017649),(2,655,1,1480017649),(2,656,1,1480017649),(2,657,1,1480017649),(2,753,1,1480017649),(2,756,1,1480017649),(2,2020,200,1480017649),(2,2072,1810,1480018071),(2,2239,4,1480018029),(2,3631,4,1480018029),(2,5212,4,1480018029),(2,5301,1,1480017649),(2,5371,10,1480018071),(2,5372,45,1480018071),(2,5373,44,1480017988),(2,5529,5,1480017766),(2,8819,500,1480017649),(2,8820,500,1480017649),(2,8821,500,1480017649),(2,8822,500,1480017649),(2,9598,4,1480018029),(2,13498,4,1480018029),(2,14174,4,1480018029),(2,16187,2,1480017706),(2,16462,3,1480017777),(2,16463,4,1480018029),(2,18695,4,1480018029),(3,34,6,1480094050),(3,35,6,1480094050),(3,36,6,1480094050),(3,37,6,1480094050),(3,38,6,1480094050),(3,39,6,1480094050),(3,40,6,1480094050),(3,41,6,1480094050),(3,73,3,1480094076),(3,162,1673,1480094201),(3,167,1,1480093793),(3,230,3,1480094076),(3,231,3,1480094076),(3,232,3,1480094076),(3,233,3,1480094076),(3,234,3,1480094076),(3,236,3,1480094076),(3,653,1,1480093793),(3,657,1,1480093793),(3,753,1,1480093793),(3,756,1,1480093793),(3,757,1,1480093793),(3,1146,1,1480093811),(3,2020,200,1480093793),(3,2030,5896,1480094076),(3,2031,3568,1480094076),(3,2032,3568,1480094076),(3,2033,3568,1480094076),(3,2034,3468,1480094076),(3,2239,3,1480094076),(3,2416,3000,1480093793),(3,3354,150,1480094006),(3,3361,12,1480094038),(3,3506,150,1480094006),(3,3507,150,1480094006),(3,3510,150,1480094006),(3,3511,150,1480094006),(3,3512,150,1480094006),(3,3631,3,1480094076),(3,4091,12,1480094038),(3,4093,150,1480094006),(3,4224,162,1480094038),(3,4742,3000,1480093793),(3,5018,6,1480094050),(3,5212,6,1480094050),(3,5233,6,1480094050),(3,5301,8,1480093793),(3,5328,3568,1480094076),(3,5329,3568,1480094076),(3,5330,3568,1480094076),(3,5331,5896,1480094076),(3,5332,3468,1480094076),(3,5371,3,1480094189),(3,5372,15,1480094199),(3,5373,82,1480093890),(3,5512,16,1480094201),(3,5529,16,1480094201),(3,8819,500,1480093793),(3,8820,500,1480093793),(3,8821,500,1480093793),(3,8822,500,1480093793),(3,9598,6,1480094050),(3,9678,3568,1480094076),(3,9679,3468,1480094076),(3,9680,3568,1480094076),(3,9681,3568,1480094076),(3,9682,5896,1480094076),(3,13498,6,1480094050),(3,14174,6,1480094050),(3,14181,6,1480094050),(3,15689,150,1480094006),(3,16463,1,1480093906),(3,16465,2,1480094050),(3,16826,468,1480094076),(3,18695,6,1480094050),(4,34,9,1480094934),(4,35,9,1480094934),(4,36,9,1480094934),(4,37,9,1480094934),(4,38,9,1480094934),(4,39,9,1480094934),(4,40,9,1480094934),(4,41,9,1480094934),(4,73,8,1480095114),(4,162,4878,1480095056),(4,167,1,1480094244),(4,230,8,1480095114),(4,231,8,1480095114),(4,232,8,1480095114),(4,233,8,1480095114),(4,234,8,1480095114),(4,236,8,1480095114),(4,641,1,1480094244),(4,655,1,1480094244),(4,656,1,1480094244),(4,753,1,1480094244),(4,754,1,1480094244),(4,755,1,1480094244),(4,756,1,1480094244),(4,834,1,1480094244),(4,1146,1,1480094256),(4,2020,200,1480094244),(4,2030,9394,1480095114),(4,2031,4432,1480095114),(4,2032,4432,1480095114),(4,2033,4432,1480095114),(4,2034,4332,1480095114),(4,2239,8,1480095114),(4,3354,500,1480095057),(4,3361,275,1480094699),(4,3506,500,1480095057),(4,3507,500,1480095057),(4,3510,500,1480095057),(4,3511,500,1480095057),(4,3512,500,1480095057),(4,3631,8,1480095114),(4,4091,275,1480094699),(4,4093,500,1480095057),(4,4224,775,1480095057),(4,4943,21,1480095038),(4,5212,9,1480094934),(4,5215,9,1480094934),(4,5233,9,1480094934),(4,5289,1,1480094945),(4,5300,1,1480095114),(4,5301,8,1480094244),(4,5328,4432,1480095114),(4,5329,4432,1480095114),(4,5330,4432,1480095114),(4,5331,9394,1480095114),(4,5332,4332,1480095114),(4,5371,10,1480094646),(4,5372,429,1480095051),(4,5373,86,1480095017),(4,5374,137,1480095032),(4,5375,21,1480095038),(4,5376,137,1480095032),(4,5512,33,1480095056),(4,5529,33,1480095056),(4,8819,500,1480094244),(4,8820,500,1480094244),(4,8821,500,1480094244),(4,8822,500,1480094244),(4,9598,9,1480094934),(4,9678,4432,1480095114),(4,9679,4332,1480095114),(4,9680,4432,1480095114),(4,9681,4432,1480095114),(4,9682,9394,1480095114),(4,13498,9,1480094934),(4,14174,9,1480094934),(4,14176,9,1480094934),(4,15689,500,1480095057),(4,16463,1,1480094334),(4,16465,2,1480094533),(4,16466,4,1480094682),(4,16467,6,1480094920),(4,16468,7,1480094934),(4,16826,1332,1480095114),(4,18695,9,1480094934),(5,34,4,1480096427),(5,35,4,1480096427),(5,36,4,1480096427),(5,37,4,1480096427),(5,38,4,1480096427),(5,39,4,1480096427),(5,40,4,1480096427),(5,41,4,1480096427),(5,73,1,1480096427),(5,162,453,1480096402),(5,167,1,1480096296),(5,230,1,1480096427),(5,231,1,1480096427),(5,232,1,1480096427),(5,233,1,1480096427),(5,234,1,1480096427),(5,236,1,1480096427),(5,641,1,1480096296),(5,651,1,1480096296),(5,652,1,1480096296),(5,653,1,1480096296),(5,654,1,1480096296),(5,655,1,1480096296),(5,656,1,1480096296),(5,657,1,1480096296),(5,753,1,1480096296),(5,754,1,1480096296),(5,755,1,1480096296),(5,756,1,1480096296),(5,834,1,1480096296),(5,1146,1,1480096302),(5,2020,200,1480096296),(5,2030,4825,1480096427),(5,2031,3304,1480096427),(5,2032,3304,1480096427),(5,2033,3304,1480096427),(5,2034,3204,1480096427),(5,2239,1,1480096427),(5,3361,14,1480096420),(5,3631,1,1480096427),(5,4091,14,1480096420),(5,4224,14,1480096420),(5,5212,4,1480096427),(5,5220,4,1480096427),(5,5233,4,1480096427),(5,5301,8,1480096296),(5,5328,3304,1480096427),(5,5329,3304,1480096427),(5,5330,3304,1480096427),(5,5331,4825,1480096427),(5,5332,3204,1480096427),(5,5371,1,1480096327),(5,5372,13,1480096401),(5,5373,28,1480096391),(5,5512,6,1480096402),(5,5529,6,1480096402),(5,8819,500,1480096296),(5,8820,500,1480096296),(5,8821,500,1480096296),(5,8822,500,1480096296),(5,9598,4,1480096427),(5,9678,3304,1480096427),(5,9679,3204,1480096427),(5,9680,3304,1480096427),(5,9681,3304,1480096427),(5,9682,4825,1480096427),(5,13498,4,1480096427),(5,14174,4,1480096427),(5,14182,4,1480096427),(5,16463,1,1480096427),(5,16826,204,1480096427),(5,18695,4,1480096427);

UNLOCK TABLES;

/*Table structure for table `character_action` */

DROP TABLE IF EXISTS `character_action`;

CREATE TABLE `character_action` (
  `guid` int(10) unsigned NOT NULL DEFAULT '0',
  `spec` tinyint(3) unsigned NOT NULL DEFAULT '0',
  `button` tinyint(3) unsigned NOT NULL DEFAULT '0',
  `action` int(10) unsigned NOT NULL DEFAULT '0',
  `type` tinyint(3) unsigned NOT NULL DEFAULT '0',
  PRIMARY KEY (`guid`,`spec`,`button`)
) ENGINE=InnoDB DEFAULT CHARSET=utf8;

/*Data for the table `character_action` */

LOCK TABLES `character_action` WRITE;

insert  into `character_action`(`guid`,`spec`,`button`,`action`,`type`) values (1,0,0,35395,0),(1,0,1,20271,0),(1,0,2,853,0),(1,0,3,85673,0),(1,0,9,59752,0),(2,0,72,100780,0),(2,0,73,100787,0),(3,0,0,44614,0),(3,0,1,122,0),(3,0,2,2136,0),(3,0,9,59752,0),(4,0,0,35395,0),(4,0,1,20271,0),(4,0,2,853,0),(4,0,9,59752,0),(4,0,11,85673,0),(5,0,0,78,0),(5,0,1,100,0),(5,0,72,88163,0),(5,0,81,59752,0),(5,0,84,6603,0),(5,0,96,6603,0),(5,0,108,6603,0);

UNLOCK TABLES;

/*Table structure for table `character_archaeology` */

DROP TABLE IF EXISTS `character_archaeology`;

CREATE TABLE `character_archaeology` (
  `guid` int(10) unsigned NOT NULL DEFAULT '0',
  `sites0` text,
  `sites1` text,
  `sites2` text,
  `sites3` text,
  `counts` text,
  `projects` text,
  `completed` text,
  PRIMARY KEY (`guid`)
) ENGINE=InnoDB DEFAULT CHARSET=utf8;

/*Data for the table `character_archaeology` */

LOCK TABLES `character_archaeology` WRITE;

UNLOCK TABLES;

/*Table structure for table `character_arena_data` */

DROP TABLE IF EXISTS `character_arena_data`;

CREATE TABLE `character_arena_data` (
  `guid` int(11) NOT NULL,
  `rating0` int(10) DEFAULT '0',
  `bestRatingOfWeek0` int(10) unsigned NOT NULL DEFAULT '0',
  `bestRatingOfSeason0` int(10) unsigned NOT NULL DEFAULT '0',
  `matchMakerRating0` int(10) DEFAULT '1500',
  `weekGames0` int(10) DEFAULT '0',
  `weekWins0` int(10) DEFAULT '0',
  `prevWeekWins0` int(10) unsigned NOT NULL DEFAULT '0',
  `seasonGames0` int(10) DEFAULT '0',
  `seasonWins0` int(10) DEFAULT '0',
  `rating1` int(10) DEFAULT '0',
  `bestRatingOfWeek1` int(10) unsigned NOT NULL DEFAULT '0',
  `bestRatingOfSeason1` int(10) unsigned NOT NULL DEFAULT '0',
  `matchMakerRating1` int(10) DEFAULT '1500',
  `weekGames1` int(10) DEFAULT '0',
  `weekWins1` int(10) DEFAULT '0',
  `prevWeekWins1` int(10) unsigned NOT NULL DEFAULT '0',
  `seasonGames1` int(10) DEFAULT '0',
  `seasonWins1` int(10) DEFAULT '0',
  `rating2` int(10) DEFAULT '0',
  `bestRatingOfWeek2` int(10) unsigned NOT NULL DEFAULT '0',
  `bestRatingOfSeason2` int(10) unsigned NOT NULL DEFAULT '0',
  `matchMakerRating2` int(10) DEFAULT '1500',
  `weekGames2` int(10) DEFAULT '0',
  `weekWins2` int(10) DEFAULT '0',
  `prevWeekWins2` int(10) unsigned NOT NULL DEFAULT '0',
  `seasonGames2` int(10) DEFAULT '0',
  `seasonWins2` int(10) DEFAULT '0',
  `rating3` int(10) unsigned NOT NULL DEFAULT '0',
  `bestRatingOfWeek3` int(10) unsigned NOT NULL DEFAULT '0',
  `bestRatingOfSeason3` int(10) unsigned NOT NULL DEFAULT '0',
  `matchMakerRating3` int(10) NOT NULL DEFAULT '1500',
  `weekGames3` int(10) unsigned NOT NULL DEFAULT '0',
  `weekWins3` int(10) unsigned NOT NULL DEFAULT '0',
  `prevWeekWins3` int(10) unsigned NOT NULL DEFAULT '0',
  `seasonGames3` int(10) unsigned NOT NULL DEFAULT '0',
  `seasonWins3` int(10) unsigned NOT NULL DEFAULT '0',
  PRIMARY KEY (`guid`)
) ENGINE=InnoDB DEFAULT CHARSET=utf8;

/*Data for the table `character_arena_data` */

LOCK TABLES `character_arena_data` WRITE;

insert  into `character_arena_data`(`guid`,`rating0`,`bestRatingOfWeek0`,`bestRatingOfSeason0`,`matchMakerRating0`,`weekGames0`,`weekWins0`,`prevWeekWins0`,`seasonGames0`,`seasonWins0`,`rating1`,`bestRatingOfWeek1`,`bestRatingOfSeason1`,`matchMakerRating1`,`weekGames1`,`weekWins1`,`prevWeekWins1`,`seasonGames1`,`seasonWins1`,`rating2`,`bestRatingOfWeek2`,`bestRatingOfSeason2`,`matchMakerRating2`,`weekGames2`,`weekWins2`,`prevWeekWins2`,`seasonGames2`,`seasonWins2`,`rating3`,`bestRatingOfWeek3`,`bestRatingOfSeason3`,`matchMakerRating3`,`weekGames3`,`weekWins3`,`prevWeekWins3`,`seasonGames3`,`seasonWins3`) values (1,0,0,0,1500,0,0,0,0,0,0,0,0,1500,0,0,0,0,0,0,0,0,1500,0,0,0,0,0,0,0,0,1500,0,0,0,0,0),(2,0,0,0,1500,0,0,0,0,0,0,0,0,1500,0,0,0,0,0,0,0,0,1500,0,0,0,0,0,0,0,0,1500,0,0,0,0,0),(3,0,0,0,1500,0,0,0,0,0,0,0,0,1500,0,0,0,0,0,0,0,0,1500,0,0,0,0,0,0,0,0,1500,0,0,0,0,0),(4,0,0,0,1500,0,0,0,0,0,0,0,0,1500,0,0,0,0,0,0,0,0,1500,0,0,0,0,0,0,0,0,1500,0,0,0,0,0),(5,0,0,0,1500,0,0,0,0,0,0,0,0,1500,0,0,0,0,0,0,0,0,1500,0,0,0,0,0,0,0,0,1500,0,0,0,0,0);

UNLOCK TABLES;

/*Table structure for table `character_aura` */

DROP TABLE IF EXISTS `character_aura`;

CREATE TABLE `character_aura` (
  `guid` int(10) unsigned NOT NULL DEFAULT '0' COMMENT 'Global Unique Identifier',
  `slot` tinyint(3) unsigned NOT NULL DEFAULT '0',
  `caster_guid` bigint(20) unsigned NOT NULL DEFAULT '0' COMMENT 'Full Global Unique Identifier',
  `item_guid` bigint(20) unsigned NOT NULL DEFAULT '0',
  `spell` mediumint(8) unsigned NOT NULL DEFAULT '0',
  `effect_mask` tinyint(3) unsigned NOT NULL DEFAULT '0',
  `recalculate_mask` tinyint(3) unsigned NOT NULL DEFAULT '0',
  `stackcount` tinyint(3) unsigned NOT NULL DEFAULT '1',
  `maxduration` int(11) NOT NULL DEFAULT '0',
  `remaintime` int(11) NOT NULL DEFAULT '0',
  `remaincharges` tinyint(3) unsigned NOT NULL DEFAULT '0',
  PRIMARY KEY (`guid`,`caster_guid`,`item_guid`,`spell`,`effect_mask`)
) ENGINE=InnoDB DEFAULT CHARSET=utf8 COMMENT='Player System';

/*Data for the table `character_aura` */

LOCK TABLES `character_aura` WRITE;

insert  into `character_aura`(`guid`,`slot`,`caster_guid`,`item_guid`,`spell`,`effect_mask`,`recalculate_mask`,`stackcount`,`maxduration`,`remaintime`,`remaincharges`) values (1,0,108086391056891905,0,105361,5,0,1,-1,-1,0),(2,1,108086391056891906,0,103985,31,0,1,-1,-1,0),(2,2,108086391056891906,0,107032,1,0,1,-1,-1,0),(2,0,108086391056891906,0,108561,3,0,1,-1,-1,0),(4,0,108086391056891908,0,105361,5,0,1,-1,-1,0),(5,0,108086391056891909,0,2457,1,0,1,-1,-1,0);

UNLOCK TABLES;

/*Table structure for table `character_aura_effect` */

DROP TABLE IF EXISTS `character_aura_effect`;

CREATE TABLE `character_aura_effect` (
  `guid` int(10) unsigned NOT NULL DEFAULT '0',
  `slot` tinyint(3) unsigned NOT NULL DEFAULT '0',
  `effect` tinyint(3) unsigned NOT NULL DEFAULT '0',
  `baseamount` int(11) NOT NULL DEFAULT '0',
  `amount` int(11) NOT NULL,
  PRIMARY KEY (`guid`,`slot`,`effect`)
) ENGINE=InnoDB DEFAULT CHARSET=latin1;

/*Data for the table `character_aura_effect` */

LOCK TABLES `character_aura_effect` WRITE;

insert  into `character_aura_effect`(`guid`,`slot`,`effect`,`baseamount`,`amount`) values (1,0,0,0,0),(1,0,2,20187,20187),(2,0,0,108557,108557),(2,0,1,0,0),(2,1,0,0,0),(2,1,1,0,0),(2,1,2,10,10),(2,1,3,1,1),(2,1,4,10,10),(2,2,0,1000,1000),(4,0,0,0,0),(4,0,2,20187,20187),(5,0,0,0,0);

UNLOCK TABLES;

/*Table structure for table `character_banned` */

DROP TABLE IF EXISTS `character_banned`;

CREATE TABLE `character_banned` (
  `guid` int(10) unsigned NOT NULL DEFAULT '0' COMMENT 'Global Unique Identifier',
  `bandate` int(10) unsigned NOT NULL DEFAULT '0',
  `unbandate` int(10) unsigned NOT NULL DEFAULT '0',
  `bannedby` varchar(50) NOT NULL,
  `banreason` varchar(255) NOT NULL,
  `active` tinyint(3) unsigned NOT NULL DEFAULT '1',
  PRIMARY KEY (`guid`,`bandate`)
) ENGINE=InnoDB DEFAULT CHARSET=utf8 COMMENT='Ban List';

/*Data for the table `character_banned` */

LOCK TABLES `character_banned` WRITE;

UNLOCK TABLES;

/*Table structure for table `character_battleground_data` */

DROP TABLE IF EXISTS `character_battleground_data`;

CREATE TABLE `character_battleground_data` (
  `guid` int(10) unsigned NOT NULL DEFAULT '0' COMMENT 'Global Unique Identifier',
  `instanceId` int(10) unsigned NOT NULL COMMENT 'Instance Identifier',
  `team` smallint(5) unsigned NOT NULL,
  `joinX` float NOT NULL DEFAULT '0',
  `joinY` float NOT NULL DEFAULT '0',
  `joinZ` float NOT NULL DEFAULT '0',
  `joinO` float NOT NULL DEFAULT '0',
  `joinMapId` smallint(5) unsigned NOT NULL DEFAULT '0' COMMENT 'Map Identifier',
  `taxiStart` int(10) unsigned NOT NULL DEFAULT '0',
  `taxiEnd` int(10) unsigned NOT NULL DEFAULT '0',
  `mountSpell` mediumint(8) unsigned NOT NULL DEFAULT '0',
  PRIMARY KEY (`guid`)
) ENGINE=InnoDB DEFAULT CHARSET=utf8 COMMENT='Player System';

/*Data for the table `character_battleground_data` */

LOCK TABLES `character_battleground_data` WRITE;

insert  into `character_battleground_data`(`guid`,`instanceId`,`team`,`joinX`,`joinY`,`joinZ`,`joinO`,`joinMapId`,`taxiStart`,`taxiEnd`,`mountSpell`) values (1,0,0,0,0,0,0,65535,0,0,0),(2,0,0,0,0,0,0,65535,0,0,0),(3,0,0,0,0,0,0,65535,0,0,0),(4,0,0,0,0,0,0,65535,0,0,0),(5,0,0,0,0,0,0,65535,0,0,0);

UNLOCK TABLES;

/*Table structure for table `character_battleground_random` */

DROP TABLE IF EXISTS `character_battleground_random`;

CREATE TABLE `character_battleground_random` (
  `guid` int(10) unsigned NOT NULL DEFAULT '0',
  PRIMARY KEY (`guid`)
) ENGINE=InnoDB DEFAULT CHARSET=utf8;

/*Data for the table `character_battleground_random` */

LOCK TABLES `character_battleground_random` WRITE;

UNLOCK TABLES;

/*Table structure for table `character_battleground_weekend` */

DROP TABLE IF EXISTS `character_battleground_weekend`;

CREATE TABLE `character_battleground_weekend` (
  `guid` int(10) unsigned NOT NULL DEFAULT '0',
  PRIMARY KEY (`guid`)
) ENGINE=InnoDB DEFAULT CHARSET=utf8;

/*Data for the table `character_battleground_weekend` */

LOCK TABLES `character_battleground_weekend` WRITE;

UNLOCK TABLES;

/*Table structure for table `character_currency` */

DROP TABLE IF EXISTS `character_currency`;

CREATE TABLE `character_currency` (
  `guid` int(10) unsigned NOT NULL,
  `currency` smallint(5) unsigned NOT NULL,
  `total_count` int(10) unsigned NOT NULL DEFAULT '0',
  `week_count` int(10) unsigned NOT NULL DEFAULT '0',
  `season_total` int(10) unsigned NOT NULL DEFAULT '0',
  `flags` int(10) unsigned NOT NULL DEFAULT '0',
  `weekCap` int(10) unsigned NOT NULL DEFAULT '0',
  PRIMARY KEY (`guid`,`currency`)
) ENGINE=InnoDB DEFAULT CHARSET=utf8;

/*Data for the table `character_currency` */

LOCK TABLES `character_currency` WRITE;

UNLOCK TABLES;

/*Table structure for table `character_declinedname` */

DROP TABLE IF EXISTS `character_declinedname`;

CREATE TABLE `character_declinedname` (
  `guid` int(10) unsigned NOT NULL DEFAULT '0' COMMENT 'Global Unique Identifier',
  `genitive` varchar(15) NOT NULL DEFAULT '',
  `dative` varchar(15) NOT NULL DEFAULT '',
  `accusative` varchar(15) NOT NULL DEFAULT '',
  `instrumental` varchar(15) NOT NULL DEFAULT '',
  `prepositional` varchar(15) NOT NULL DEFAULT '',
  PRIMARY KEY (`guid`)
) ENGINE=InnoDB DEFAULT CHARSET=utf8;

/*Data for the table `character_declinedname` */

LOCK TABLES `character_declinedname` WRITE;

insert  into `character_declinedname`(`guid`,`genitive`,`dative`,`accusative`,`instrumental`,`prepositional`) values (1,'Андера','Андеру','Андера','Андером','Андере');

UNLOCK TABLES;

/*Table structure for table `character_dynamic_difficulty_maps` */

DROP TABLE IF EXISTS `character_dynamic_difficulty_maps`;

CREATE TABLE `character_dynamic_difficulty_maps` (
  `guid` int(10) unsigned NOT NULL DEFAULT '0' COMMENT 'Player GUID',
  `mapId` mediumint(8) unsigned NOT NULL DEFAULT '0' COMMENT 'Map Id',
  PRIMARY KEY (`guid`,`mapId`)
) ENGINE=InnoDB DEFAULT CHARSET=utf8;

/*Data for the table `character_dynamic_difficulty_maps` */

LOCK TABLES `character_dynamic_difficulty_maps` WRITE;

UNLOCK TABLES;

/*Table structure for table `character_equipmentsets` */

DROP TABLE IF EXISTS `character_equipmentsets`;

CREATE TABLE `character_equipmentsets` (
  `guid` int(10) NOT NULL DEFAULT '0',
  `setguid` bigint(20) NOT NULL AUTO_INCREMENT,
  `setindex` tinyint(3) unsigned NOT NULL DEFAULT '0',
  `name` varchar(31) NOT NULL,
  `iconname` varchar(100) NOT NULL,
  `ignore_mask` int(11) unsigned NOT NULL DEFAULT '0',
  `item0` int(11) unsigned NOT NULL DEFAULT '0',
  `item1` int(11) unsigned NOT NULL DEFAULT '0',
  `item2` int(11) unsigned NOT NULL DEFAULT '0',
  `item3` int(11) unsigned NOT NULL DEFAULT '0',
  `item4` int(11) unsigned NOT NULL DEFAULT '0',
  `item5` int(11) unsigned NOT NULL DEFAULT '0',
  `item6` int(11) unsigned NOT NULL DEFAULT '0',
  `item7` int(11) unsigned NOT NULL DEFAULT '0',
  `item8` int(11) unsigned NOT NULL DEFAULT '0',
  `item9` int(11) unsigned NOT NULL DEFAULT '0',
  `item10` int(11) unsigned NOT NULL DEFAULT '0',
  `item11` int(11) unsigned NOT NULL DEFAULT '0',
  `item12` int(11) unsigned NOT NULL DEFAULT '0',
  `item13` int(11) unsigned NOT NULL DEFAULT '0',
  `item14` int(11) unsigned NOT NULL DEFAULT '0',
  `item15` int(11) unsigned NOT NULL DEFAULT '0',
  `item16` int(11) unsigned NOT NULL DEFAULT '0',
  `item17` int(11) unsigned NOT NULL DEFAULT '0',
  `item18` int(11) unsigned NOT NULL DEFAULT '0',
  PRIMARY KEY (`setguid`),
  UNIQUE KEY `idx_set` (`guid`,`setguid`,`setindex`),
  KEY `Idx_setindex` (`setindex`)
) ENGINE=InnoDB DEFAULT CHARSET=utf8;

/*Data for the table `character_equipmentsets` */

LOCK TABLES `character_equipmentsets` WRITE;

UNLOCK TABLES;

/*Table structure for table `character_gifts` */

DROP TABLE IF EXISTS `character_gifts`;

CREATE TABLE `character_gifts` (
  `guid` int(10) unsigned NOT NULL DEFAULT '0',
  `item_guid` int(10) unsigned NOT NULL DEFAULT '0',
  `entry` int(10) unsigned NOT NULL DEFAULT '0',
  `flags` int(10) unsigned NOT NULL DEFAULT '0',
  PRIMARY KEY (`item_guid`),
  KEY `idx_guid` (`guid`)
) ENGINE=InnoDB DEFAULT CHARSET=utf8;

/*Data for the table `character_gifts` */

LOCK TABLES `character_gifts` WRITE;

UNLOCK TABLES;

/*Table structure for table `character_glyphs` */

DROP TABLE IF EXISTS `character_glyphs`;

CREATE TABLE `character_glyphs` (
  `guid` int(10) unsigned NOT NULL,
  `spec` tinyint(3) unsigned NOT NULL DEFAULT '0',
  `glyph1` smallint(5) unsigned NOT NULL DEFAULT '0',
  `glyph2` smallint(5) unsigned DEFAULT '0',
  `glyph3` smallint(5) unsigned DEFAULT '0',
  `glyph4` smallint(5) unsigned DEFAULT '0',
  `glyph5` smallint(5) unsigned DEFAULT '0',
  `glyph6` smallint(5) unsigned DEFAULT '0',
  PRIMARY KEY (`guid`,`spec`)
) ENGINE=InnoDB DEFAULT CHARSET=utf8;

/*Data for the table `character_glyphs` */

LOCK TABLES `character_glyphs` WRITE;

insert  into `character_glyphs`(`guid`,`spec`,`glyph1`,`glyph2`,`glyph3`,`glyph4`,`glyph5`,`glyph6`) values (1,0,0,0,0,0,0,0),(2,0,0,0,0,0,0,0),(3,0,0,0,0,0,0,0),(4,0,0,0,0,0,0,0),(5,0,0,0,0,0,0,0);

UNLOCK TABLES;

/*Table structure for table `character_homebind` */

DROP TABLE IF EXISTS `character_homebind`;

CREATE TABLE `character_homebind` (
  `guid` int(10) unsigned NOT NULL DEFAULT '0' COMMENT 'Global Unique Identifier',
  `mapId` smallint(5) unsigned NOT NULL DEFAULT '0' COMMENT 'Map Identifier',
  `zoneId` smallint(5) unsigned NOT NULL DEFAULT '0' COMMENT 'Zone Identifier',
  `posX` float NOT NULL DEFAULT '0',
  `posY` float NOT NULL DEFAULT '0',
  `posZ` float NOT NULL DEFAULT '0',
  PRIMARY KEY (`guid`)
) ENGINE=InnoDB DEFAULT CHARSET=utf8 COMMENT='Player System';

/*Data for the table `character_homebind` */

LOCK TABLES `character_homebind` WRITE;

insert  into `character_homebind`(`guid`,`mapId`,`zoneId`,`posX`,`posY`,`posZ`) values (1,0,9,-8914.57,-133.909,80.5378),(2,860,5834,1470.97,3466.06,181.64),(3,0,9,-8914.57,-133.909,80.5378),(4,0,9,-8914.57,-133.909,80.5378),(5,0,9,-8914.57,-133.909,80.5378);

UNLOCK TABLES;

/*Table structure for table `character_instance` */

DROP TABLE IF EXISTS `character_instance`;

CREATE TABLE `character_instance` (
  `guid` int(10) unsigned NOT NULL DEFAULT '0',
  `instance` int(10) unsigned NOT NULL DEFAULT '0',
  `permanent` tinyint(3) unsigned NOT NULL DEFAULT '0',
  PRIMARY KEY (`guid`,`instance`),
  KEY `instance` (`instance`)
) ENGINE=InnoDB DEFAULT CHARSET=utf8;

/*Data for the table `character_instance` */

LOCK TABLES `character_instance` WRITE;

UNLOCK TABLES;

/*Table structure for table `character_inventory` */

DROP TABLE IF EXISTS `character_inventory`;

CREATE TABLE `character_inventory` (
  `guid` int(10) unsigned NOT NULL DEFAULT '0' COMMENT 'Global Unique Identifier',
  `bag` int(10) unsigned NOT NULL DEFAULT '0',
  `slot` tinyint(3) unsigned NOT NULL DEFAULT '0',
  `item` int(10) unsigned NOT NULL DEFAULT '0' COMMENT 'Item Global Unique Identifier',
  PRIMARY KEY (`item`),
  UNIQUE KEY `guid` (`guid`,`bag`,`slot`),
  KEY `idx_guid` (`guid`)
) ENGINE=InnoDB DEFAULT CHARSET=utf8 COMMENT='Player System';

/*Data for the table `character_inventory` */

LOCK TABLES `character_inventory` WRITE;

insert  into `character_inventory`(`guid`,`bag`,`slot`,`item`) values (1,0,4,2),(1,0,6,37),(1,0,7,23),(1,0,15,10),(1,0,19,33),(1,0,20,36),(1,0,21,41),(1,0,22,26),(1,0,23,8),(1,0,24,4),(1,0,25,24),(1,0,26,25),(1,0,27,47),(1,0,28,27),(1,0,29,28),(1,0,30,69),(1,0,31,67),(1,0,32,52),(1,0,33,6),(1,0,34,38),(1,0,35,68),(1,0,36,44),(1,0,37,45),(1,0,38,71),(2,0,4,56),(2,0,5,54),(2,0,6,58),(2,0,8,64),(2,0,15,66),(2,0,23,60),(2,0,24,62),(3,0,4,73),(3,0,6,75),(3,0,7,77),(3,0,15,79),(3,0,19,92),(3,0,20,91),(3,0,23,81),(3,0,24,82),(3,0,25,94),(3,0,28,87),(3,0,29,90),(4,0,4,97),(4,0,5,131),(4,0,6,122),(4,0,7,99),(4,0,15,105),(4,0,19,115),(4,0,20,118),(4,0,21,117),(4,0,22,129),(4,0,23,103),(4,0,24,151),(4,0,25,147),(4,0,26,149),(4,0,27,140),(4,0,28,114),(4,0,29,130),(4,0,30,141),(4,0,31,142),(4,0,32,143),(4,0,33,144),(4,0,34,148),(4,0,35,152),(5,0,4,154),(5,0,6,156),(5,0,7,158),(5,0,15,160),(5,0,23,162),(5,0,24,169),(5,0,25,170);

UNLOCK TABLES;

/*Table structure for table `character_pet` */

DROP TABLE IF EXISTS `character_pet`;

CREATE TABLE `character_pet` (
  `id` int(10) unsigned NOT NULL DEFAULT '0',
  `entry` int(10) unsigned NOT NULL DEFAULT '0',
  `owner` int(10) unsigned NOT NULL DEFAULT '0',
  `modelid` int(10) unsigned DEFAULT '0',
  `CreatedBySpell` mediumint(8) unsigned NOT NULL DEFAULT '0',
  `PetType` tinyint(3) unsigned NOT NULL DEFAULT '0',
  `level` smallint(5) unsigned NOT NULL DEFAULT '1',
  `exp` int(10) unsigned NOT NULL DEFAULT '0',
  `Reactstate` tinyint(3) unsigned NOT NULL DEFAULT '0',
  `name` varchar(21) NOT NULL DEFAULT 'Pet',
  `renamed` tinyint(3) unsigned NOT NULL DEFAULT '0',
  `slot` tinyint(3) unsigned NOT NULL DEFAULT '0',
  `curhealth` int(10) unsigned NOT NULL DEFAULT '1',
  `curmana` int(10) unsigned NOT NULL DEFAULT '0',
  `savetime` int(10) unsigned NOT NULL DEFAULT '0',
  `abdata` text,
  `specialization` int(10) unsigned NOT NULL DEFAULT '0',
  PRIMARY KEY (`id`),
  KEY `owner` (`owner`),
  KEY `idx_slot` (`slot`)
) ENGINE=InnoDB DEFAULT CHARSET=utf8 COMMENT='Pet System';

/*Data for the table `character_pet` */

LOCK TABLES `character_pet` WRITE;

UNLOCK TABLES;

/*Table structure for table `character_pet_declinedname` */

DROP TABLE IF EXISTS `character_pet_declinedname`;

CREATE TABLE `character_pet_declinedname` (
  `id` int(10) unsigned NOT NULL DEFAULT '0',
  `owner` int(10) unsigned NOT NULL DEFAULT '0',
  `genitive` varchar(12) NOT NULL DEFAULT '',
  `dative` varchar(12) NOT NULL DEFAULT '',
  `accusative` varchar(12) NOT NULL DEFAULT '',
  `instrumental` varchar(12) NOT NULL DEFAULT '',
  `prepositional` varchar(12) NOT NULL DEFAULT '',
  PRIMARY KEY (`id`),
  KEY `owner_key` (`owner`)
) ENGINE=InnoDB DEFAULT CHARSET=utf8;

/*Data for the table `character_pet_declinedname` */

LOCK TABLES `character_pet_declinedname` WRITE;

UNLOCK TABLES;

/*Table structure for table `character_queststatus` */

DROP TABLE IF EXISTS `character_queststatus`;

CREATE TABLE `character_queststatus` (
  `guid` int(10) unsigned NOT NULL DEFAULT '0' COMMENT 'Global Unique Identifier',
  `quest` int(10) unsigned NOT NULL DEFAULT '0' COMMENT 'Quest Identifier',
  `status` tinyint(3) unsigned NOT NULL DEFAULT '0',
  `explored` tinyint(3) unsigned NOT NULL DEFAULT '0',
  `timer` int(10) unsigned NOT NULL DEFAULT '0',
  `mobcount1` smallint(5) unsigned NOT NULL DEFAULT '0',
  `mobcount2` smallint(5) unsigned NOT NULL DEFAULT '0',
  `mobcount3` smallint(5) unsigned NOT NULL DEFAULT '0',
  `mobcount4` smallint(5) unsigned NOT NULL DEFAULT '0',
  `itemcount1` smallint(5) unsigned NOT NULL DEFAULT '0',
  `itemcount2` smallint(5) unsigned NOT NULL DEFAULT '0',
  `itemcount3` smallint(5) unsigned NOT NULL DEFAULT '0',
  `itemcount4` smallint(5) unsigned NOT NULL DEFAULT '0',
  `playercount` smallint(5) unsigned NOT NULL DEFAULT '0',
  PRIMARY KEY (`guid`,`quest`)
) ENGINE=InnoDB DEFAULT CHARSET=utf8 COMMENT='Player System';

/*Data for the table `character_queststatus` */

LOCK TABLES `character_queststatus` WRITE;

insert  into `character_queststatus`(`guid`,`quest`,`status`,`explored`,`timer`,`mobcount1`,`mobcount2`,`mobcount3`,`mobcount4`,`itemcount1`,`itemcount2`,`itemcount3`,`itemcount4`,`playercount`) values (1,2158,1,0,1480019625,0,0,0,0,0,0,0,0,0),(1,26394,1,0,1480019716,0,0,0,0,1,0,0,0,0),(2,29408,3,0,1480018084,0,1,0,0,0,0,0,0,0),(3,54,1,0,1480093905,0,0,0,0,1,0,0,0,0),(3,26916,3,0,1480094193,0,0,0,0,0,0,0,0,0),(4,54,1,0,1480095127,0,0,0,0,1,0,0,0,0),(5,54,1,0,1480096577,0,0,0,0,1,0,0,0,0),(5,28774,3,0,1480096546,0,0,0,0,0,0,0,0,0);

UNLOCK TABLES;

/*Table structure for table `character_queststatus_daily` */

DROP TABLE IF EXISTS `character_queststatus_daily`;

CREATE TABLE `character_queststatus_daily` (
  `guid` int(10) unsigned NOT NULL DEFAULT '0' COMMENT 'Global Unique Identifier',
  `quest` int(10) unsigned NOT NULL DEFAULT '0' COMMENT 'Quest Identifier',
  `time` int(10) unsigned NOT NULL DEFAULT '0',
  PRIMARY KEY (`guid`,`quest`),
  KEY `idx_guid` (`guid`)
) ENGINE=InnoDB DEFAULT CHARSET=utf8 COMMENT='Player System';

/*Data for the table `character_queststatus_daily` */

LOCK TABLES `character_queststatus_daily` WRITE;

UNLOCK TABLES;

/*Table structure for table `character_queststatus_monthly` */

DROP TABLE IF EXISTS `character_queststatus_monthly`;

CREATE TABLE `character_queststatus_monthly` (
  `guid` int(10) unsigned NOT NULL DEFAULT '0' COMMENT 'Global Unique Identifier',
  `quest` int(10) unsigned NOT NULL DEFAULT '0' COMMENT 'Quest Identifier',
  PRIMARY KEY (`guid`,`quest`),
  KEY `idx_guid` (`guid`)
) ENGINE=InnoDB DEFAULT CHARSET=utf8 COMMENT='Player System';

/*Data for the table `character_queststatus_monthly` */

LOCK TABLES `character_queststatus_monthly` WRITE;

UNLOCK TABLES;

/*Table structure for table `character_queststatus_rewarded` */

DROP TABLE IF EXISTS `character_queststatus_rewarded`;

CREATE TABLE `character_queststatus_rewarded` (
  `guid` int(10) unsigned NOT NULL DEFAULT '0' COMMENT 'Global Unique Identifier',
  `quest` int(10) unsigned NOT NULL DEFAULT '0' COMMENT 'Quest Identifier',
  PRIMARY KEY (`guid`,`quest`)
) ENGINE=InnoDB DEFAULT CHARSET=utf8 COMMENT='Player System';

/*Data for the table `character_queststatus_rewarded` */

LOCK TABLES `character_queststatus_rewarded` WRITE;

insert  into `character_queststatus_rewarded`(`guid`,`quest`) values (1,54),(1,26389),(1,26391),(1,26393),(1,29078),(1,29079),(1,29080),(1,29081),(1,29083),(2,29406),(2,29524),(2,30027),(2,30039),(3,3104),(3,28757),(3,28769),(4,26389),(4,26390),(4,26391),(4,29078),(4,29079),(4,29080),(4,29081),(4,29083),(5,28766);

UNLOCK TABLES;

/*Table structure for table `character_queststatus_seasonal` */

DROP TABLE IF EXISTS `character_queststatus_seasonal`;

CREATE TABLE `character_queststatus_seasonal` (
  `guid` int(10) unsigned NOT NULL DEFAULT '0' COMMENT 'Global Unique Identifier',
  `quest` int(10) unsigned NOT NULL DEFAULT '0' COMMENT 'Quest Identifier',
  `event` int(10) unsigned NOT NULL DEFAULT '0' COMMENT 'Event Identifier',
  PRIMARY KEY (`guid`,`quest`),
  KEY `idx_guid` (`guid`),
  KEY `event` (`event`)
) ENGINE=InnoDB DEFAULT CHARSET=utf8 COMMENT='Player System';

/*Data for the table `character_queststatus_seasonal` */

LOCK TABLES `character_queststatus_seasonal` WRITE;

UNLOCK TABLES;

/*Table structure for table `character_queststatus_weekly` */

DROP TABLE IF EXISTS `character_queststatus_weekly`;

CREATE TABLE `character_queststatus_weekly` (
  `guid` int(10) unsigned NOT NULL DEFAULT '0' COMMENT 'Global Unique Identifier',
  `quest` int(10) unsigned NOT NULL DEFAULT '0' COMMENT 'Quest Identifier',
  PRIMARY KEY (`guid`,`quest`),
  KEY `idx_guid` (`guid`)
) ENGINE=InnoDB DEFAULT CHARSET=utf8 COMMENT='Player System';

/*Data for the table `character_queststatus_weekly` */

LOCK TABLES `character_queststatus_weekly` WRITE;

UNLOCK TABLES;

/*Table structure for table `character_rates` */

DROP TABLE IF EXISTS `character_rates`;

CREATE TABLE `character_rates` (
  `guid` bigint(20) NOT NULL DEFAULT '0',
  `rate` tinyint(2) DEFAULT '0',
  PRIMARY KEY (`guid`)
) ENGINE=InnoDB DEFAULT CHARSET=latin1;

/*Data for the table `character_rates` */

LOCK TABLES `character_rates` WRITE;

UNLOCK TABLES;

/*Table structure for table `character_reputation` */

DROP TABLE IF EXISTS `character_reputation`;

CREATE TABLE `character_reputation` (
  `guid` int(10) unsigned NOT NULL DEFAULT '0' COMMENT 'Global Unique Identifier',
  `faction` smallint(5) unsigned NOT NULL DEFAULT '0',
  `standing` int(11) NOT NULL DEFAULT '0',
  `flags` smallint(5) unsigned NOT NULL DEFAULT '0',
  PRIMARY KEY (`guid`,`faction`)
) ENGINE=InnoDB DEFAULT CHARSET=utf8 COMMENT='Player System';

/*Data for the table `character_reputation` */

LOCK TABLES `character_reputation` WRITE;

insert  into `character_reputation`(`guid`,`faction`,`standing`,`flags`) values (1,21,0,64),(1,46,0,4),(1,47,1122,17),(1,54,1122,17),(1,59,0,16),(1,67,0,14),(1,68,0,6),(1,69,1122,17),(1,70,0,2),(1,72,4566,17),(1,76,0,6),(1,81,0,6),(1,83,0,4),(1,86,0,4),(1,87,0,2),(1,92,0,2),(1,93,0,2),(1,169,0,12),(1,270,0,16),(1,289,0,4),(1,349,0,0),(1,369,0,64),(1,469,0,25),(1,470,0,64),(1,471,0,20),(1,509,0,16),(1,510,0,2),(1,529,0,0),(1,530,0,6),(1,549,0,4),(1,550,0,4),(1,551,0,4),(1,569,0,4),(1,570,0,4),(1,571,0,4),(1,574,0,4),(1,576,0,0),(1,577,0,64),(1,589,0,0),(1,609,0,0),(1,729,0,6),(1,730,0,16),(1,749,0,0),(1,809,0,16),(1,889,0,6),(1,890,0,16),(1,891,0,24),(1,892,0,14),(1,909,0,16),(1,910,0,2),(1,911,0,6),(1,922,0,6),(1,930,1122,17),(1,932,0,80),(1,933,0,16),(1,934,0,80),(1,935,0,16),(1,936,0,28),(1,941,0,6),(1,942,0,16),(1,946,0,16),(1,947,0,2),(1,948,0,8),(1,949,0,24),(1,952,0,0),(1,953,0,4),(1,967,0,16),(1,970,0,0),(1,978,0,16),(1,980,0,24),(1,989,0,16),(1,990,0,16),(1,1005,0,20),(1,1011,0,16),(1,1012,0,16),(1,1015,0,2),(1,1031,0,16),(1,1037,0,136),(1,1038,0,16),(1,1050,0,16),(1,1052,0,2),(1,1064,0,6),(1,1067,0,2),(1,1068,0,16),(1,1073,0,16),(1,1077,0,16),(1,1082,0,4),(1,1085,0,6),(1,1090,0,16),(1,1091,0,16),(1,1094,0,16),(1,1097,0,12),(1,1098,0,16),(1,1104,0,16),(1,1105,0,16),(1,1106,0,16),(1,1117,0,12),(1,1118,0,12),(1,1119,0,2),(1,1124,0,6),(1,1126,0,16),(1,1133,0,6),(1,1134,1122,17),(1,1135,0,16),(1,1136,0,4),(1,1137,0,4),(1,1138,0,0),(1,1154,0,4),(1,1155,0,4),(1,1156,0,16),(1,1158,0,16),(1,1162,0,8),(1,1163,0,0),(1,1168,0,16),(1,1169,0,28),(1,1171,0,66),(1,1172,0,2),(1,1173,0,16),(1,1174,0,16),(1,1177,0,0),(1,1178,0,6),(1,1204,0,16),(1,1216,0,0),(1,1228,0,2),(1,1242,0,16),(1,1245,0,8),(1,1269,0,16),(1,1270,0,16),(1,1271,0,16),(1,1272,0,152),(1,1273,0,16),(1,1275,0,16),(1,1276,0,16),(1,1277,0,16),(1,1278,0,16),(1,1279,0,16),(1,1280,0,16),(1,1281,0,16),(1,1282,0,16),(1,1283,0,16),(1,1302,0,152),(1,1337,0,16),(1,1341,0,16),(1,1345,0,16),(1,1351,0,0),(1,1352,0,6),(1,1353,0,17),(1,1357,0,4),(1,1358,0,16),(1,1359,0,16),(1,1374,0,0),(1,1375,0,2),(1,1376,0,144),(1,1387,0,144),(1,1388,0,2),(1,1416,0,0),(1,1419,0,16),(1,1433,0,20),(1,1435,0,16),(1,1440,0,16),(1,1492,0,16),(2,21,0,64),(2,46,0,4),(2,47,0,0),(2,54,0,0),(2,59,0,16),(2,67,0,0),(2,68,0,0),(2,69,0,0),(2,70,0,2),(2,72,0,0),(2,76,0,0),(2,81,0,0),(2,83,0,0),(2,86,0,0),(2,87,0,2),(2,92,0,2),(2,93,0,2),(2,169,0,12),(2,270,0,16),(2,289,0,4),(2,349,0,0),(2,369,0,64),(2,469,0,0),(2,470,0,64),(2,471,0,0),(2,509,0,0),(2,510,0,0),(2,529,0,0),(2,530,0,0),(2,549,0,0),(2,550,0,0),(2,551,0,0),(2,569,0,0),(2,570,0,0),(2,571,0,0),(2,574,0,4),(2,576,0,0),(2,577,0,64),(2,589,0,0),(2,609,0,0),(2,729,0,0),(2,730,0,0),(2,749,0,0),(2,809,0,16),(2,889,0,0),(2,890,0,0),(2,891,0,0),(2,892,0,0),(2,909,0,16),(2,910,0,0),(2,911,0,0),(2,922,0,0),(2,930,0,0),(2,932,0,80),(2,933,0,16),(2,934,0,80),(2,935,0,16),(2,936,0,28),(2,941,0,0),(2,942,0,16),(2,946,0,0),(2,947,0,0),(2,948,0,8),(2,949,0,24),(2,952,0,0),(2,953,0,4),(2,967,0,16),(2,970,0,0),(2,978,0,0),(2,980,0,24),(2,989,0,16),(2,990,0,16),(2,1005,0,0),(2,1011,0,0),(2,1012,0,16),(2,1015,0,0),(2,1031,0,0),(2,1037,0,0),(2,1038,0,16),(2,1050,0,0),(2,1052,0,0),(2,1064,0,0),(2,1067,0,0),(2,1068,0,0),(2,1073,0,16),(2,1077,0,16),(2,1082,0,0),(2,1085,0,0),(2,1090,0,16),(2,1091,0,0),(2,1094,0,0),(2,1097,0,12),(2,1098,0,16),(2,1104,0,16),(2,1105,0,16),(2,1106,0,16),(2,1117,0,12),(2,1118,0,12),(2,1119,0,0),(2,1124,0,0),(2,1126,0,0),(2,1133,0,0),(2,1134,0,0),(2,1135,0,16),(2,1136,0,4),(2,1137,0,0),(2,1138,0,0),(2,1154,0,4),(2,1155,0,4),(2,1156,0,16),(2,1158,0,16),(2,1162,0,8),(2,1163,0,0),(2,1168,0,0),(2,1169,0,0),(2,1171,0,0),(2,1172,0,0),(2,1173,0,0),(2,1174,0,0),(2,1177,0,0),(2,1178,0,0),(2,1204,0,16),(2,1216,2280,81),(2,1228,0,0),(2,1242,0,0),(2,1245,0,8),(2,1269,0,16),(2,1270,0,0),(2,1271,0,16),(2,1272,0,0),(2,1273,0,16),(2,1275,0,16),(2,1276,0,16),(2,1277,0,16),(2,1278,0,16),(2,1279,0,16),(2,1280,0,16),(2,1281,0,16),(2,1282,0,16),(2,1283,0,16),(2,1302,0,0),(2,1337,0,16),(2,1341,0,16),(2,1345,0,16),(2,1351,0,0),(2,1352,0,0),(2,1353,0,0),(2,1357,0,4),(2,1358,0,16),(2,1359,0,0),(2,1374,0,0),(2,1375,0,0),(2,1376,0,0),(2,1387,0,0),(2,1388,0,0),(2,1416,0,0),(2,1419,0,0),(2,1433,0,20),(2,1435,0,16),(2,1440,0,16),(2,1492,0,16),(3,21,0,64),(3,46,0,4),(3,47,468,17),(3,54,468,17),(3,59,0,16),(3,67,0,14),(3,68,0,6),(3,69,468,17),(3,70,0,2),(3,72,1896,17),(3,76,0,6),(3,81,0,6),(3,83,0,4),(3,86,0,4),(3,87,0,2),(3,92,0,2),(3,93,0,2),(3,169,0,12),(3,270,0,16),(3,289,0,4),(3,349,0,0),(3,369,0,64),(3,469,0,25),(3,470,0,64),(3,471,0,20),(3,509,0,16),(3,510,0,2),(3,529,0,0),(3,530,0,6),(3,549,0,4),(3,550,0,4),(3,551,0,4),(3,569,0,4),(3,570,0,4),(3,571,0,4),(3,574,0,4),(3,576,0,0),(3,577,0,64),(3,589,0,0),(3,609,0,0),(3,729,0,6),(3,730,0,16),(3,749,0,0),(3,809,0,16),(3,889,0,6),(3,890,0,16),(3,891,0,24),(3,892,0,14),(3,909,0,16),(3,910,0,0),(3,911,0,6),(3,922,0,6),(3,930,468,17),(3,932,0,80),(3,933,0,16),(3,934,0,80),(3,935,0,16),(3,936,0,28),(3,941,0,6),(3,942,0,16),(3,946,0,16),(3,947,0,0),(3,948,0,8),(3,949,0,24),(3,952,0,0),(3,953,0,4),(3,967,0,16),(3,970,0,0),(3,978,0,16),(3,980,0,24),(3,989,0,16),(3,990,0,16),(3,1005,0,20),(3,1011,0,16),(3,1012,0,16),(3,1015,0,2),(3,1031,0,16),(3,1037,0,136),(3,1038,0,16),(3,1050,0,16),(3,1052,0,0),(3,1064,0,6),(3,1067,0,0),(3,1068,0,16),(3,1073,0,16),(3,1077,0,16),(3,1082,0,4),(3,1085,0,6),(3,1090,0,16),(3,1091,0,16),(3,1094,0,16),(3,1097,0,12),(3,1098,0,16),(3,1104,0,16),(3,1105,0,16),(3,1106,0,16),(3,1117,0,12),(3,1118,0,12),(3,1119,0,0),(3,1124,0,6),(3,1126,0,16),(3,1133,0,6),(3,1134,468,17),(3,1135,0,16),(3,1136,0,4),(3,1137,0,4),(3,1138,0,0),(3,1154,0,4),(3,1155,0,4),(3,1156,0,16),(3,1158,0,16),(3,1162,0,8),(3,1163,0,0),(3,1168,0,16),(3,1169,0,28),(3,1171,0,64),(3,1172,0,0),(3,1173,0,16),(3,1174,0,16),(3,1177,0,0),(3,1178,0,6),(3,1204,0,16),(3,1216,0,0),(3,1228,0,2),(3,1242,0,16),(3,1245,0,8),(3,1269,0,16),(3,1270,0,16),(3,1271,0,16),(3,1272,0,152),(3,1273,0,16),(3,1275,0,16),(3,1276,0,16),(3,1277,0,16),(3,1278,0,16),(3,1279,0,16),(3,1280,0,16),(3,1281,0,16),(3,1282,0,16),(3,1283,0,16),(3,1302,0,152),(3,1337,0,16),(3,1341,0,16),(3,1345,0,16),(3,1351,0,0),(3,1352,0,6),(3,1353,0,17),(3,1357,0,4),(3,1358,0,16),(3,1359,0,16),(3,1374,0,0),(3,1375,0,2),(3,1376,0,144),(3,1387,0,144),(3,1388,0,2),(3,1416,0,0),(3,1419,0,16),(3,1433,0,20),(3,1435,0,16),(3,1440,0,16),(3,1492,0,16),(4,21,0,64),(4,46,0,4),(4,47,1332,17),(4,54,1332,17),(4,59,0,16),(4,67,0,14),(4,68,0,6),(4,69,1332,17),(4,70,0,2),(4,72,5394,17),(4,76,0,6),(4,81,0,6),(4,83,0,4),(4,86,0,4),(4,87,0,2),(4,92,0,2),(4,93,0,2),(4,169,0,12),(4,270,0,16),(4,289,0,4),(4,349,0,0),(4,369,0,64),(4,469,0,25),(4,470,0,64),(4,471,0,20),(4,509,0,16),(4,510,0,2),(4,529,0,0),(4,530,0,6),(4,549,0,4),(4,550,0,4),(4,551,0,4),(4,569,0,4),(4,570,0,4),(4,571,0,4),(4,574,0,4),(4,576,0,0),(4,577,0,64),(4,589,0,0),(4,609,0,0),(4,729,0,6),(4,730,0,16),(4,749,0,0),(4,809,0,16),(4,889,0,6),(4,890,0,16),(4,891,0,24),(4,892,0,14),(4,909,0,16),(4,910,0,2),(4,911,0,6),(4,922,0,6),(4,930,1332,17),(4,932,0,80),(4,933,0,16),(4,934,0,80),(4,935,0,16),(4,936,0,28),(4,941,0,6),(4,942,0,16),(4,946,0,16),(4,947,0,2),(4,948,0,8),(4,949,0,24),(4,952,0,0),(4,953,0,4),(4,967,0,16),(4,970,0,0),(4,978,0,16),(4,980,0,24),(4,989,0,16),(4,990,0,16),(4,1005,0,20),(4,1011,0,16),(4,1012,0,16),(4,1015,0,2),(4,1031,0,16),(4,1037,0,136),(4,1038,0,16),(4,1050,0,16),(4,1052,0,2),(4,1064,0,6),(4,1067,0,2),(4,1068,0,16),(4,1073,0,16),(4,1077,0,16),(4,1082,0,4),(4,1085,0,6),(4,1090,0,16),(4,1091,0,16),(4,1094,0,16),(4,1097,0,12),(4,1098,0,16),(4,1104,0,16),(4,1105,0,16),(4,1106,0,16),(4,1117,0,12),(4,1118,0,12),(4,1119,0,2),(4,1124,0,6),(4,1126,0,16),(4,1133,0,6),(4,1134,1332,17),(4,1135,0,16),(4,1136,0,4),(4,1137,0,4),(4,1138,0,0),(4,1154,0,4),(4,1155,0,4),(4,1156,0,16),(4,1158,0,16),(4,1162,0,8),(4,1163,0,0),(4,1168,0,16),(4,1169,0,28),(4,1171,0,66),(4,1172,0,2),(4,1173,0,16),(4,1174,0,16),(4,1177,0,0),(4,1178,0,6),(4,1204,0,16),(4,1216,0,0),(4,1228,0,2),(4,1242,0,16),(4,1245,0,8),(4,1269,0,16),(4,1270,0,16),(4,1271,0,16),(4,1272,0,152),(4,1273,0,16),(4,1275,0,16),(4,1276,0,16),(4,1277,0,16),(4,1278,0,16),(4,1279,0,16),(4,1280,0,16),(4,1281,0,16),(4,1282,0,16),(4,1283,0,16),(4,1302,0,152),(4,1337,0,16),(4,1341,0,16),(4,1345,0,16),(4,1351,0,0),(4,1352,0,6),(4,1353,0,17),(4,1357,0,4),(4,1358,0,16),(4,1359,0,16),(4,1374,0,0),(4,1375,0,2),(4,1376,0,144),(4,1387,0,144),(4,1388,0,2),(4,1416,0,0),(4,1419,0,16),(4,1433,0,20),(4,1435,0,16),(4,1440,0,16),(4,1492,0,16),(5,21,0,64),(5,46,0,4),(5,47,204,17),(5,54,204,17),(5,59,0,16),(5,67,0,14),(5,68,0,6),(5,69,204,17),(5,70,0,2),(5,72,825,17),(5,76,0,6),(5,81,0,6),(5,83,0,4),(5,86,0,4),(5,87,0,2),(5,92,0,2),(5,93,0,2),(5,169,0,12),(5,270,0,16),(5,289,0,4),(5,349,0,0),(5,369,0,64),(5,469,0,25),(5,470,0,64),(5,471,0,20),(5,509,0,16),(5,510,0,2),(5,529,0,0),(5,530,0,6),(5,549,0,4),(5,550,0,4),(5,551,0,4),(5,569,0,4),(5,570,0,4),(5,571,0,4),(5,574,0,4),(5,576,0,0),(5,577,0,64),(5,589,0,0),(5,609,0,0),(5,729,0,6),(5,730,0,16),(5,749,0,0),(5,809,0,16),(5,889,0,6),(5,890,0,16),(5,891,0,24),(5,892,0,14),(5,909,0,16),(5,910,0,0),(5,911,0,6),(5,922,0,6),(5,930,204,17),(5,932,0,80),(5,933,0,16),(5,934,0,80),(5,935,0,16),(5,936,0,28),(5,941,0,6),(5,942,0,16),(5,946,0,16),(5,947,0,0),(5,948,0,8),(5,949,0,24),(5,952,0,0),(5,953,0,4),(5,967,0,16),(5,970,0,0),(5,978,0,16),(5,980,0,24),(5,989,0,16),(5,990,0,16),(5,1005,0,20),(5,1011,0,16),(5,1012,0,16),(5,1015,0,2),(5,1031,0,16),(5,1037,0,136),(5,1038,0,16),(5,1050,0,16),(5,1052,0,0),(5,1064,0,6),(5,1067,0,0),(5,1068,0,16),(5,1073,0,16),(5,1077,0,16),(5,1082,0,4),(5,1085,0,6),(5,1090,0,16),(5,1091,0,16),(5,1094,0,16),(5,1097,0,12),(5,1098,0,16),(5,1104,0,16),(5,1105,0,16),(5,1106,0,16),(5,1117,0,12),(5,1118,0,12),(5,1119,0,0),(5,1124,0,6),(5,1126,0,16),(5,1133,0,6),(5,1134,204,17),(5,1135,0,16),(5,1136,0,4),(5,1137,0,4),(5,1138,0,0),(5,1154,0,4),(5,1155,0,4),(5,1156,0,16),(5,1158,0,16),(5,1162,0,8),(5,1163,0,0),(5,1168,0,16),(5,1169,0,28),(5,1171,0,64),(5,1172,0,0),(5,1173,0,16),(5,1174,0,16),(5,1177,0,0),(5,1178,0,6),(5,1204,0,16),(5,1216,0,0),(5,1228,0,2),(5,1242,0,16),(5,1245,0,8),(5,1269,0,16),(5,1270,0,16),(5,1271,0,16),(5,1272,0,152),(5,1273,0,16),(5,1275,0,16),(5,1276,0,16),(5,1277,0,16),(5,1278,0,16),(5,1279,0,16),(5,1280,0,16),(5,1281,0,16),(5,1282,0,16),(5,1283,0,16),(5,1302,0,152),(5,1337,0,16),(5,1341,0,16),(5,1345,0,16),(5,1351,0,0),(5,1352,0,6),(5,1353,0,17),(5,1357,0,4),(5,1358,0,16),(5,1359,0,16),(5,1374,0,0),(5,1375,0,2),(5,1376,0,144),(5,1387,0,144),(5,1388,0,2),(5,1416,0,0),(5,1419,0,16),(5,1433,0,20),(5,1435,0,16),(5,1440,0,16),(5,1492,0,16);

UNLOCK TABLES;

/*Table structure for table `character_skills` */

DROP TABLE IF EXISTS `character_skills`;

CREATE TABLE `character_skills` (
  `guid` int(10) unsigned NOT NULL COMMENT 'Global Unique Identifier',
  `skill` smallint(5) unsigned NOT NULL,
  `value` smallint(5) unsigned NOT NULL,
  `max` smallint(5) unsigned NOT NULL,
  PRIMARY KEY (`guid`,`skill`)
) ENGINE=InnoDB DEFAULT CHARSET=utf8 COMMENT='Player System';

/*Data for the table `character_skills` */

LOCK TABLES `character_skills` WRITE;

insert  into `character_skills`(`guid`,`skill`,`value`,`max`) values (1,43,1,5),(1,44,1,5),(1,54,1,5),(1,55,1,5),(1,95,1,5),(1,98,300,300),(1,160,1,5),(1,162,1,5),(1,172,1,5),(1,188,1,1),(1,189,1,1),(1,204,1,1),(1,205,1,1),(1,206,1,1),(1,207,1,1),(1,229,1,5),(1,270,1,1),(1,293,1,1),(1,413,1,1),(1,414,1,1),(1,415,1,1),(1,433,1,1),(1,761,1,1),(1,782,1,1),(1,800,1,1),(1,805,1,1),(1,927,1,1),(1,962,1,1),(1,963,1,1),(2,43,1,5),(2,44,1,5),(2,54,1,5),(2,95,1,5),(2,118,1,5),(2,136,1,5),(2,162,1,5),(2,188,1,1),(2,189,1,1),(2,204,1,1),(2,205,1,1),(2,206,1,1),(2,207,1,1),(2,229,1,5),(2,270,1,1),(2,414,1,1),(2,415,1,1),(2,473,1,5),(2,761,1,1),(2,782,1,1),(2,805,1,1),(2,829,1,1),(2,905,300,300),(2,927,1,1),(2,962,1,1),(2,963,1,1),(3,43,1,5),(3,95,1,5),(3,98,300,300),(3,136,1,5),(3,162,1,5),(3,173,1,5),(3,188,1,1),(3,189,1,1),(3,204,1,1),(3,205,1,1),(3,206,1,1),(3,207,1,1),(3,228,1,5),(3,270,1,1),(3,415,1,1),(3,761,1,1),(3,782,1,1),(3,805,1,1),(3,904,1,1),(3,927,1,1),(3,962,1,1),(3,963,1,1),(4,43,1,5),(4,44,1,5),(4,54,1,5),(4,55,1,5),(4,95,1,5),(4,98,300,300),(4,160,1,5),(4,162,1,5),(4,172,1,5),(4,188,1,1),(4,189,1,1),(4,204,1,1),(4,205,1,1),(4,206,1,1),(4,207,1,1),(4,229,1,5),(4,270,1,1),(4,293,1,1),(4,413,1,1),(4,414,1,1),(4,415,1,1),(4,433,1,1),(4,761,1,1),(4,782,1,1),(4,800,1,1),(4,805,1,1),(4,927,1,1),(4,962,1,1),(4,963,1,1),(5,43,1,5),(5,44,1,5),(5,45,1,5),(5,46,1,5),(5,54,1,5),(5,55,1,5),(5,95,1,5),(5,98,300,300),(5,118,1,5),(5,136,1,5),(5,160,1,5),(5,162,1,5),(5,172,1,5),(5,173,1,5),(5,188,1,1),(5,189,1,1),(5,204,1,1),(5,205,1,1),(5,206,1,1),(5,207,1,1),(5,226,1,5),(5,229,1,5),(5,270,1,1),(5,293,1,1),(5,413,1,1),(5,414,1,1),(5,415,1,1),(5,433,1,1),(5,473,1,5),(5,761,1,1),(5,782,1,1),(5,805,1,1),(5,840,1,1),(5,927,1,1),(5,962,1,1),(5,963,1,1);

UNLOCK TABLES;

/*Table structure for table `character_social` */

DROP TABLE IF EXISTS `character_social`;

CREATE TABLE `character_social` (
  `guid` int(10) unsigned NOT NULL DEFAULT '0' COMMENT 'Character Global Unique Identifier',
  `friend` int(10) unsigned NOT NULL DEFAULT '0' COMMENT 'Friend Global Unique Identifier',
  `flags` tinyint(3) unsigned NOT NULL DEFAULT '0' COMMENT 'Friend Flags',
  `note` varchar(48) NOT NULL DEFAULT '' COMMENT 'Friend Note',
  PRIMARY KEY (`guid`,`friend`,`flags`),
  KEY `friend` (`friend`)
) ENGINE=InnoDB DEFAULT CHARSET=utf8 COMMENT='Player System';

/*Data for the table `character_social` */

LOCK TABLES `character_social` WRITE;

UNLOCK TABLES;

/*Table structure for table `character_spell` */

DROP TABLE IF EXISTS `character_spell`;

CREATE TABLE `character_spell` (
  `guid` int(10) unsigned NOT NULL DEFAULT '0' COMMENT 'Global Unique Identifier',
  `spell` mediumint(8) unsigned NOT NULL DEFAULT '0' COMMENT 'Spell Identifier',
  `active` tinyint(3) unsigned NOT NULL DEFAULT '1',
  `disabled` tinyint(3) unsigned NOT NULL DEFAULT '0',
  PRIMARY KEY (`guid`,`spell`)
) ENGINE=InnoDB DEFAULT CHARSET=utf8 COMMENT='Player System';

/*Data for the table `character_spell` */

LOCK TABLES `character_spell` WRITE;

insert  into `character_spell`(`guid`,`spell`,`active`,`disabled`) values (1,853,1,0),(1,20271,1,0),(1,85673,1,0),(1,105361,1,0),(2,100787,1,0),(3,122,1,0),(3,2136,1,0),(3,134732,1,0),(4,750,1,0),(4,853,1,0),(4,20271,1,0),(4,85673,1,0),(4,105361,1,0),(4,134732,1,0),(5,100,1,0),(5,674,1,0),(5,750,1,0),(5,134732,1,0);

UNLOCK TABLES;

/*Table structure for table `character_spell_cooldown` */

DROP TABLE IF EXISTS `character_spell_cooldown`;

CREATE TABLE `character_spell_cooldown` (
  `guid` int(10) unsigned NOT NULL DEFAULT '0' COMMENT 'Global Unique Identifier, Low part',
  `spell` mediumint(8) unsigned NOT NULL DEFAULT '0' COMMENT 'Spell Identifier',
  `item` int(10) unsigned NOT NULL DEFAULT '0' COMMENT 'Item Identifier',
  `time` int(10) unsigned NOT NULL DEFAULT '0',
  PRIMARY KEY (`guid`,`spell`)
) ENGINE=InnoDB DEFAULT CHARSET=utf8;

/*Data for the table `character_spell_cooldown` */

LOCK TABLES `character_spell_cooldown` WRITE;

UNLOCK TABLES;

/*Table structure for table `character_stats` */

DROP TABLE IF EXISTS `character_stats`;

CREATE TABLE `character_stats` (
  `guid` int(10) unsigned NOT NULL DEFAULT '0' COMMENT 'Global Unique Identifier, Low part',
  `maxhealth` int(10) unsigned NOT NULL DEFAULT '0',
  `maxpower1` int(10) unsigned NOT NULL DEFAULT '0',
  `maxpower2` int(10) unsigned NOT NULL DEFAULT '0',
  `maxpower3` int(10) unsigned NOT NULL DEFAULT '0',
  `maxpower4` int(10) unsigned NOT NULL DEFAULT '0',
  `maxpower5` int(10) unsigned NOT NULL DEFAULT '0',
  `strength` int(10) unsigned NOT NULL DEFAULT '0',
  `agility` int(10) unsigned NOT NULL DEFAULT '0',
  `stamina` int(10) unsigned NOT NULL DEFAULT '0',
  `intellect` int(10) unsigned NOT NULL DEFAULT '0',
  `spirit` int(10) unsigned NOT NULL DEFAULT '0',
  `armor` int(10) unsigned NOT NULL DEFAULT '0',
  `resHoly` int(10) unsigned NOT NULL DEFAULT '0',
  `resFire` int(10) unsigned NOT NULL DEFAULT '0',
  `resNature` int(10) unsigned NOT NULL DEFAULT '0',
  `resFrost` int(10) unsigned NOT NULL DEFAULT '0',
  `resShadow` int(10) unsigned NOT NULL DEFAULT '0',
  `resArcane` int(10) unsigned NOT NULL DEFAULT '0',
  `blockPct` float unsigned NOT NULL DEFAULT '0',
  `dodgePct` float unsigned NOT NULL DEFAULT '0',
  `parryPct` float unsigned NOT NULL DEFAULT '0',
  `critPct` float unsigned NOT NULL DEFAULT '0',
  `rangedCritPct` float unsigned NOT NULL DEFAULT '0',
  `spellCritPct` float unsigned NOT NULL DEFAULT '0',
  `attackPower` int(10) unsigned NOT NULL DEFAULT '0',
  `rangedAttackPower` int(10) unsigned NOT NULL DEFAULT '0',
  `spellPower` int(10) unsigned NOT NULL DEFAULT '0',
  `resilience` int(10) unsigned NOT NULL DEFAULT '0',
  PRIMARY KEY (`guid`)
) ENGINE=InnoDB DEFAULT CHARSET=utf8;

/*Data for the table `character_stats` */

LOCK TABLES `character_stats` WRITE;

UNLOCK TABLES;

/*Table structure for table `character_talent` */

DROP TABLE IF EXISTS `character_talent`;

CREATE TABLE `character_talent` (
  `guid` int(10) unsigned NOT NULL,
  `spell` mediumint(8) unsigned NOT NULL,
  `spec` tinyint(3) unsigned NOT NULL DEFAULT '0',
  PRIMARY KEY (`guid`,`spell`,`spec`)
) ENGINE=InnoDB DEFAULT CHARSET=utf8;

/*Data for the table `character_talent` */

LOCK TABLES `character_talent` WRITE;

UNLOCK TABLES;

/*Table structure for table `character_void_storage` */

DROP TABLE IF EXISTS `character_void_storage`;

CREATE TABLE `character_void_storage` (
  `itemId` bigint(20) unsigned NOT NULL,
  `playerGuid` mediumint(8) unsigned NOT NULL,
  `itemEntry` mediumint(8) unsigned NOT NULL,
  `slot` tinyint(3) unsigned NOT NULL,
  `creatorGuid` mediumint(8) unsigned NOT NULL DEFAULT '0',
  `randomProperty` mediumint(8) unsigned NOT NULL DEFAULT '0',
  `reforgeId` mediumint(8) unsigned NOT NULL DEFAULT '0',
  `transmogrifyId` mediumint(8) unsigned NOT NULL DEFAULT '0',
  `upgradeId` mediumint(8) unsigned NOT NULL DEFAULT '0',
  `suffixFactor` mediumint(8) unsigned NOT NULL DEFAULT '0',
  PRIMARY KEY (`itemId`),
  UNIQUE KEY `idx_player_slot` (`playerGuid`,`slot`),
  KEY `idx_player` (`playerGuid`)
) ENGINE=InnoDB DEFAULT CHARSET=utf8;

/*Data for the table `character_void_storage` */

LOCK TABLES `character_void_storage` WRITE;

UNLOCK TABLES;

/*Table structure for table `character_weekly_boss_kills` */

DROP TABLE IF EXISTS `character_weekly_boss_kills`;

CREATE TABLE `character_weekly_boss_kills` (
  `guid` int(10) unsigned NOT NULL DEFAULT '0' COMMENT 'Player GUID',
  `entry` mediumint(8) unsigned NOT NULL DEFAULT '0' COMMENT 'Boss Entry',
  `mapId` mediumint(8) unsigned NOT NULL DEFAULT '0' COMMENT 'Map Id',
  `difficulty` mediumint(8) unsigned NOT NULL DEFAULT '0' COMMENT 'Difficulty',
  `looted` tinyint(3) unsigned NOT NULL DEFAULT '0' COMMENT 'Boss looted',
  PRIMARY KEY (`guid`,`entry`)
) ENGINE=InnoDB DEFAULT CHARSET=utf8 COMMENT='Loot-based Lockout System';

/*Data for the table `character_weekly_boss_kills` */

LOCK TABLES `character_weekly_boss_kills` WRITE;

UNLOCK TABLES;

/*Table structure for table `characters` */

DROP TABLE IF EXISTS `characters`;

CREATE TABLE `characters` (
  `guid` int(10) unsigned NOT NULL DEFAULT '0' COMMENT 'Global Unique Identifier',
  `account` int(10) unsigned NOT NULL DEFAULT '0' COMMENT 'Account Identifier',
  `name` varchar(12) NOT NULL DEFAULT '',
  `slot` tinyint(3) unsigned NOT NULL DEFAULT '0',
  `race` tinyint(3) unsigned NOT NULL DEFAULT '0',
  `class` tinyint(3) unsigned NOT NULL DEFAULT '0',
  `gender` tinyint(3) unsigned NOT NULL DEFAULT '0',
  `level` tinyint(3) unsigned NOT NULL DEFAULT '0',
  `xp` int(10) unsigned NOT NULL DEFAULT '0',
  `money` bigint(20) unsigned NOT NULL DEFAULT '0',
  `playerBytes` int(10) unsigned NOT NULL DEFAULT '0',
  `playerBytes2` int(10) unsigned NOT NULL DEFAULT '0',
  `playerFlags` int(10) unsigned NOT NULL DEFAULT '0',
  `position_x` float NOT NULL DEFAULT '0',
  `position_y` float NOT NULL DEFAULT '0',
  `position_z` float NOT NULL DEFAULT '0',
  `map` smallint(5) unsigned NOT NULL DEFAULT '0' COMMENT 'Map Identifier',
  `instance_id` int(10) unsigned NOT NULL DEFAULT '0',
  `instance_mode_mask` tinyint(3) unsigned NOT NULL DEFAULT '0',
  `orientation` float NOT NULL DEFAULT '0',
  `taximask` text NOT NULL,
  `online` tinyint(3) unsigned NOT NULL DEFAULT '0',
  `cinematic` tinyint(3) unsigned NOT NULL DEFAULT '0',
  `totaltime` int(10) unsigned NOT NULL DEFAULT '0',
  `leveltime` int(10) unsigned NOT NULL DEFAULT '0',
  `logout_time` int(10) unsigned NOT NULL DEFAULT '0',
  `is_logout_resting` tinyint(3) unsigned NOT NULL DEFAULT '0',
  `rest_bonus` float NOT NULL DEFAULT '0',
  `resettalents_cost` int(10) unsigned NOT NULL DEFAULT '0',
  `resettalents_time` int(10) unsigned NOT NULL DEFAULT '0',
  `resetspecialization_cost` int(10) NOT NULL DEFAULT '0',
  `resetspecialization_time` int(10) NOT NULL DEFAULT '0',
  `talentTree` varchar(10) NOT NULL DEFAULT '0 0',
  `trans_x` float NOT NULL DEFAULT '0',
  `trans_y` float NOT NULL DEFAULT '0',
  `trans_z` float NOT NULL DEFAULT '0',
  `trans_o` float NOT NULL DEFAULT '0',
  `transguid` mediumint(8) unsigned NOT NULL DEFAULT '0',
  `extra_flags` smallint(5) unsigned NOT NULL DEFAULT '0',
  `stable_slots` tinyint(3) unsigned DEFAULT NULL,
  `at_login` smallint(5) unsigned NOT NULL DEFAULT '0',
  `zone` smallint(5) unsigned NOT NULL DEFAULT '0',
  `death_expire_time` int(10) unsigned NOT NULL DEFAULT '0',
  `taxi_path` text,
  `totalKills` int(10) unsigned NOT NULL DEFAULT '0',
  `todayKills` smallint(5) unsigned NOT NULL DEFAULT '0',
  `yesterdayKills` smallint(5) unsigned NOT NULL DEFAULT '0',
  `chosenTitle` int(10) unsigned NOT NULL DEFAULT '0',
  `watchedFaction` int(10) unsigned NOT NULL DEFAULT '0',
  `drunk` tinyint(3) unsigned NOT NULL DEFAULT '0',
  `health` int(10) unsigned NOT NULL DEFAULT '0',
  `power1` int(10) NOT NULL DEFAULT '0',
  `power2` int(10) NOT NULL DEFAULT '0',
  `power3` int(10) NOT NULL DEFAULT '0',
  `power4` int(10) NOT NULL DEFAULT '0',
  `power5` int(10) NOT NULL DEFAULT '0',
  `latency` mediumint(8) unsigned NOT NULL DEFAULT '0',
  `speccount` tinyint(3) unsigned NOT NULL DEFAULT '1',
  `activespec` tinyint(3) unsigned NOT NULL DEFAULT '0',
  `specialization1` int(11) NOT NULL,
  `specialization2` int(11) NOT NULL,
  `exploredZones` longtext,
  `equipmentCache` longtext,
  `knownTitles` longtext,
  `actionBars` tinyint(3) unsigned NOT NULL DEFAULT '0',
  `currentpetslot` tinyint(3) unsigned DEFAULT NULL,
  `petslotused` tinyint(3) unsigned DEFAULT NULL,
  `grantableLevels` tinyint(3) unsigned NOT NULL DEFAULT '0',
  `guildId` int(10) unsigned NOT NULL DEFAULT '0',
  `deleteInfos_Account` int(10) unsigned DEFAULT NULL,
  `deleteInfos_Name` varchar(12) DEFAULT NULL,
  `deleteDate` int(10) unsigned DEFAULT NULL,
  PRIMARY KEY (`guid`),
  KEY `idx_account` (`account`),
  KEY `idx_online` (`online`),
  KEY `idx_name` (`name`),
  KEY `instance_id` (`instance_id`),
  KEY `idx_deleted` (`deleteInfos_Account`),
  KEY `logout` (`logout_time`),
  KEY `idx_totalKills` (`totalKills`),
  KEY `idx_totaltime` (`totaltime`),
  KEY `idx_money` (`money`)
) ENGINE=InnoDB DEFAULT CHARSET=utf8 COMMENT='Player System';

/*Data for the table `characters` */

LOCK TABLES `characters` WRITE;

insert  into `characters`(`guid`,`account`,`name`,`slot`,`race`,`class`,`gender`,`level`,`xp`,`money`,`playerBytes`,`playerBytes2`,`playerFlags`,`position_x`,`position_y`,`position_z`,`map`,`instance_id`,`instance_mode_mask`,`orientation`,`taximask`,`online`,`cinematic`,`totaltime`,`leveltime`,`logout_time`,`is_logout_resting`,`rest_bonus`,`resettalents_cost`,`resettalents_time`,`resetspecialization_cost`,`resetspecialization_time`,`talentTree`,`trans_x`,`trans_y`,`trans_z`,`trans_o`,`transguid`,`extra_flags`,`stable_slots`,`at_login`,`zone`,`death_expire_time`,`taxi_path`,`totalKills`,`todayKills`,`yesterdayKills`,`chosenTitle`,`watchedFaction`,`drunk`,`health`,`power1`,`power2`,`power3`,`power4`,`power5`,`latency`,`speccount`,`activespec`,`specialization1`,`specialization2`,`exploredZones`,`equipmentCache`,`knownTitles`,`actionBars`,`currentpetslot`,`petslotused`,`grantableLevels`,`guildId`,`deleteInfos_Account`,`deleteInfos_Name`,`deleteDate`) values (1,7,'Андер',0,1,2,0,9,4229,465,17564416,33554433,32,-8839.88,637.915,95.731,0,0,49,2.69974,'2 0 0 0 0 0 0 0 0 0 0 0 8 0 0 0 0 0 0 0 0 0 0 0 0 0 0 0 0 0 0 0 0 0 0 0 0 0 0 0 0 0 0 0 0 0 0 0 0 0 0 0 0 0 0 0 0 0 0 0 0 0 0 0 0 0 0 0 0 0 0 0 32 0 0 0 0 0 0 0 0 0 0 0 0 0 0 0 0 0 0 0 0 0 0 0 0 0 0 0 0 0 0 0 0 0 0 0 0 0 0 0 0 0 0 0 0 0 0 0 0 0 0 0 0 0 0 0 0 0 0 0 0 0 0 0 0 0 0 0 0 0 0 0 0 0 0 0 0 0 0 0 0 0 0 0 0 0 0 0 0 0 ',0,1,2575,263,1480019716,1,2.24068,0,0,0,0,'0 0 ',0,0,0,0,0,4,0,0,1519,0,'',0,0,0,0,4294967295,0,481,40,0,0,0,0,0,1,0,0,0,'0 0 0 1610612736 2147491840 0 0 0 0 0 0 0 0 0 0 0 0 16 0 0 0 65536 0 0 0 0 0 0 0 0 0 0 0 0 0 0 0 0 0 0 0 0 0 0 0 0 0 0 0 0 0 0 0 0 0 0 0 0 0 0 0 0 0 0 0 0 0 0 0 0 0 0 0 0 0 0 0 0 0 0 0 0 0 0 0 0 0 0 0 0 0 0 0 0 0 0 0 0 0 0 0 0 0 0 0 0 0 0 0 0 0 0 0 0 0 0 0 0 0 0 0 0 536870912 0 0 0 0 0 0 0 0 0 0 0 0 0 0 0 0 0 0 0 0 0 0 0 0 0 0 0 0 0 0 0 0 0 0 0 0 0 0 0 0 0 0 0 0 0 0 0 0 0 0 0 0 0 0 0 0 0 0 0 0 0 0 0 0 0 0 0 0 0 0 0 0 0 0 0 0 0 ','0 0 0 0 0 0 0 0 58233 0 0 0 57387 0 57254 0 0 0 0 0 0 0 0 0 0 0 0 0 0 0 52557 0 0 0 0 0 0 0 5571 0 5571 0 5571 0 805 0 ','0 0 0 0 0 0 ',0,255,0,0,0,NULL,NULL,NULL),(2,7,'Dzuba',0,24,10,0,4,350,0,184877835,33554433,0,1448.4,3393.64,172.936,860,0,49,1.54515,'0 0 0 0 0 0 0 0 0 0 0 0 0 0 0 0 0 0 0 0 0 0 0 0 0 0 0 0 0 0 0 0 0 0 0 0 0 0 0 0 0 0 0 0 0 0 0 0 0 0 0 0 0 0 0 0 0 0 0 0 0 0 0 0 0 0 0 0 0 0 0 0 0 0 0 0 0 0 0 0 0 0 0 0 0 0 0 0 0 0 0 0 0 0 0 0 0 0 0 0 0 0 0 0 0 0 0 0 0 0 0 0 0 0 0 0 0 0 0 0 0 0 0 0 0 0 0 0 0 0 0 0 0 0 0 0 0 0 0 0 0 0 0 0 0 0 0 0 0 0 0 0 0 0 0 0 0 0 0 0 0 0 ',0,1,435,56,1480018084,0,0.0223889,0,0,0,0,'0 0 ',0,0,0,0,0,4,0,0,5736,0,'',0,0,0,0,4294967295,0,239,0,100,0,0,0,0,1,0,0,0,'0 0 0 0 0 0 0 0 0 0 0 0 0 0 0 0 0 0 0 0 0 0 0 0 0 0 0 0 0 0 0 0 0 0 0 0 0 0 0 0 0 0 0 0 0 0 0 0 0 0 0 0 0 0 0 0 0 0 0 0 0 0 0 0 0 0 0 0 0 0 0 0 0 0 0 0 0 0 0 0 0 0 0 0 0 0 0 0 0 0 0 0 0 0 0 0 0 0 0 0 0 0 0 0 0 0 0 0 0 0 0 0 0 0 0 0 0 0 0 0 0 0 0 0 0 0 0 0 0 0 0 0 0 0 0 0 0 0 0 0 0 0 1024 0 0 0 0 0 0 0 0 0 0 0 0 0 0 0 0 0 0 0 0 0 0 0 0 0 0 0 0 0 0 0 0 0 0 0 0 0 0 0 0 0 0 0 0 0 0 0 0 0 0 0 0 0 0 0 0 0 ','0 0 0 0 0 0 0 0 72019 0 77509 0 72020 0 0 0 77526 0 0 0 0 0 0 0 0 0 0 0 0 0 73209 0 0 0 0 0 0 0 0 0 0 0 0 0 0 0 ','0 0 0 0 0 0 ',0,255,0,0,0,NULL,NULL,NULL),(3,7,'Viki',0,1,8,1,6,2775,162,51709701,33554432,0,-8999.44,-305.512,71.6165,0,0,49,2.38568,'2 0 0 0 0 0 0 0 0 0 0 0 8 0 0 0 0 0 0 0 0 0 0 0 0 0 0 0 0 0 0 0 0 0 0 0 0 0 0 0 0 0 0 0 0 0 0 0 0 0 0 0 0 0 0 0 0 0 0 0 0 0 0 0 0 0 0 0 0 0 0 0 0 0 0 0 0 0 0 0 0 0 0 0 0 0 0 0 0 0 0 0 0 0 0 0 0 0 0 0 0 0 0 0 0 0 0 0 0 0 0 0 0 0 0 0 0 0 0 0 0 0 0 0 0 0 0 0 0 0 0 0 0 0 0 0 0 0 0 0 0 0 0 0 0 0 0 0 0 0 0 0 0 0 0 0 0 0 0 0 0 0 ',0,1,429,173,1480094223,0,0.0430556,0,0,0,0,'0 0 ',0,0,0,0,0,4,0,0,6170,0,'',0,0,0,0,4294967295,0,270,125,0,0,0,0,0,1,0,0,0,'0 0 0 536870912 2147483776 0 0 0 0 0 0 0 0 0 0 0 0 0 0 0 0 0 0 0 0 0 0 0 0 0 0 0 0 0 0 0 0 0 0 0 0 0 0 0 0 0 0 0 0 0 0 0 0 0 0 0 0 0 0 0 0 0 0 0 0 0 0 0 0 0 0 0 0 0 0 0 0 0 0 0 0 0 0 0 0 0 0 0 0 0 0 0 0 0 0 0 0 0 0 0 0 0 0 0 0 0 0 0 0 0 0 0 0 0 0 0 0 0 0 0 0 0 0 0 0 0 0 0 0 0 0 0 0 0 0 0 0 0 0 0 0 0 0 0 0 0 0 0 0 0 0 0 0 0 0 0 0 0 0 0 0 0 0 0 0 0 0 0 0 0 0 0 0 0 0 0 0 0 0 0 0 0 0 0 0 0 0 0 0 0 0 0 0 0 0 0 0 0 0 0 ','0 0 0 0 0 0 0 0 56 0 0 0 1395 0 55 0 0 0 0 0 0 0 0 0 0 0 0 0 0 0 35 0 0 0 0 0 0 0 5572 0 5572 0 0 0 0 0 ','0 0 0 0 0 0 ',0,255,0,0,0,NULL,NULL,NULL),(4,7,'Drezz',0,1,2,0,9,3200,775,34277381,16777220,0,-8916.53,-131.115,80.8058,0,0,49,5.8913,'2 0 0 0 0 0 0 0 0 0 0 0 8 0 0 0 0 0 0 0 0 0 0 0 0 0 0 0 0 0 0 0 0 0 0 0 0 0 0 0 0 0 0 0 0 0 0 0 0 0 0 0 0 0 0 0 0 0 0 0 0 0 0 0 0 0 0 0 0 0 0 0 0 0 0 0 0 0 0 0 0 0 0 0 0 0 0 0 0 0 0 0 0 0 0 0 0 0 0 0 0 0 0 0 0 0 0 0 0 0 0 0 0 0 0 0 0 0 0 0 0 0 0 0 0 0 0 0 0 0 0 0 0 0 0 0 0 0 0 0 0 0 0 0 0 0 0 0 0 0 0 0 0 0 0 0 0 0 0 0 0 0 ',0,1,953,263,1480096283,0,15.1885,0,0,0,0,'0 0 ',0,0,0,0,0,4,0,0,6170,0,'',0,0,0,0,4294967295,0,481,40,0,0,0,0,0,1,0,0,0,'0 0 0 536870912 2147491840 0 0 0 0 0 0 0 0 0 0 0 0 0 0 0 0 0 0 0 0 0 0 0 0 0 0 0 0 0 0 0 0 0 0 0 0 0 0 0 0 0 0 0 0 0 0 0 0 0 0 0 0 0 0 0 0 0 0 0 0 0 0 0 0 0 0 0 0 0 0 0 0 0 0 0 0 0 0 0 0 0 0 0 0 0 0 0 0 0 0 0 0 0 0 0 0 0 0 0 0 0 0 0 0 0 0 0 0 0 0 0 0 0 0 0 0 0 0 0 0 0 0 0 0 0 0 0 0 0 0 0 0 0 0 0 0 0 0 0 0 0 0 0 0 0 0 0 0 0 0 0 0 0 0 0 0 0 0 0 0 0 0 0 0 0 0 0 0 0 0 0 0 0 0 0 0 0 0 0 0 0 0 0 0 0 0 0 0 0 0 0 0 0 0 0 ','0 0 0 0 0 0 0 0 58233 0 2186 0 57387 0 43 0 0 0 0 0 0 0 0 0 0 0 0 0 0 0 52557 0 0 0 0 0 0 0 828 0 828 0 5572 0 805 0 ','0 0 0 0 0 0 ',0,255,0,0,0,NULL,NULL,NULL),(5,7,'Dragoz',0,1,1,0,4,1425,14,50528771,33554438,0,-8917.13,-133.043,80.6284,0,0,49,6.25401,'2 0 0 0 0 0 0 0 0 0 0 0 8 0 0 0 0 0 0 0 0 0 0 0 0 0 0 0 0 0 0 0 0 0 0 0 0 0 0 0 0 0 0 0 0 0 0 0 0 0 0 0 0 0 0 0 0 0 0 0 0 0 0 0 0 0 0 0 0 0 0 0 0 0 0 0 0 0 0 0 0 0 0 0 0 0 0 0 0 0 0 0 0 0 0 0 0 0 0 0 0 0 0 0 0 0 0 0 0 0 0 0 0 0 0 0 0 0 0 0 0 0 0 0 0 0 0 0 0 0 0 0 0 0 0 0 0 0 0 0 0 0 0 0 0 0 0 0 0 0 0 0 0 0 0 0 0 0 0 0 0 0 ',0,1,281,150,1480096577,0,0.11625,0,0,0,0,'0 0 ',0,0,0,0,0,4,0,0,6170,0,'',0,0,0,0,4294967295,0,243,0,0,0,0,0,0,1,0,0,0,'0 0 0 536870912 2147483776 0 0 0 0 0 0 0 0 0 0 0 0 0 0 0 0 0 0 0 0 0 0 0 0 0 0 0 0 0 0 0 0 0 0 0 0 0 0 0 0 0 0 0 0 0 0 0 0 0 0 0 0 0 0 0 0 0 0 0 0 0 0 0 0 0 0 0 0 0 0 0 0 0 0 0 0 0 0 0 0 0 0 0 0 0 0 0 0 0 0 0 0 0 0 0 0 0 0 0 0 0 0 0 0 0 0 0 0 0 0 0 0 0 0 0 0 0 0 0 0 0 0 0 0 0 0 0 0 0 0 0 0 0 0 0 0 0 0 0 0 0 0 0 0 0 0 0 0 0 0 0 0 0 0 0 0 0 0 0 0 0 0 0 0 0 0 0 0 0 0 0 0 0 0 0 0 0 0 0 0 0 0 0 0 0 0 0 0 0 0 0 0 0 0 0 ','0 0 0 0 0 0 0 0 58231 0 0 0 39 0 40 0 0 0 0 0 0 0 0 0 0 0 0 0 0 0 49778 0 0 0 0 0 0 0 0 0 0 0 0 0 0 0 ','0 0 0 0 0 0 ',0,255,0,0,0,NULL,NULL,NULL);

UNLOCK TABLES;

/*Table structure for table `corpse` */

DROP TABLE IF EXISTS `corpse`;

CREATE TABLE `corpse` (
  `corpseGuid` int(10) unsigned NOT NULL DEFAULT '0' COMMENT 'Global Unique Identifier',
  `guid` int(10) unsigned NOT NULL DEFAULT '0' COMMENT 'Character Global Unique Identifier',
  `posX` float NOT NULL DEFAULT '0',
  `posY` float NOT NULL DEFAULT '0',
  `posZ` float NOT NULL DEFAULT '0',
  `orientation` float NOT NULL DEFAULT '0',
  `mapId` smallint(5) unsigned NOT NULL DEFAULT '0' COMMENT 'Map Identifier',
  `phaseMask` smallint(5) unsigned NOT NULL DEFAULT '1',
  `displayId` int(10) unsigned NOT NULL DEFAULT '0',
  `itemCache` text NOT NULL,
  `bytes1` int(10) unsigned NOT NULL DEFAULT '0',
  `bytes2` int(10) unsigned NOT NULL DEFAULT '0',
  `flags` tinyint(3) unsigned NOT NULL DEFAULT '0',
  `dynFlags` tinyint(3) unsigned NOT NULL DEFAULT '0',
  `time` int(10) unsigned NOT NULL DEFAULT '0',
  `corpseType` tinyint(3) unsigned NOT NULL DEFAULT '0',
  `instanceId` int(10) unsigned NOT NULL DEFAULT '0' COMMENT 'Instance Identifier',
  PRIMARY KEY (`corpseGuid`),
  KEY `idx_type` (`corpseType`),
  KEY `idx_instance` (`instanceId`),
  KEY `idx_player` (`guid`),
  KEY `idx_time` (`time`)
) ENGINE=InnoDB DEFAULT CHARSET=utf8 COMMENT='Death System';

/*Data for the table `corpse` */

LOCK TABLES `corpse` WRITE;

UNLOCK TABLES;

/*Table structure for table `creature_respawn` */

DROP TABLE IF EXISTS `creature_respawn`;

CREATE TABLE `creature_respawn` (
  `guid` int(10) unsigned NOT NULL DEFAULT '0' COMMENT 'Global Unique Identifier',
  `respawnTime` int(10) unsigned NOT NULL DEFAULT '0',
  `mapId` smallint(10) unsigned NOT NULL DEFAULT '0',
  `instanceId` int(10) unsigned NOT NULL DEFAULT '0' COMMENT 'Instance Identifier',
  PRIMARY KEY (`guid`,`instanceId`),
  KEY `idx_instance` (`instanceId`)
) ENGINE=InnoDB DEFAULT CHARSET=utf8 COMMENT='Grid Loading System';

/*Data for the table `creature_respawn` */

LOCK TABLES `creature_respawn` WRITE;

insert  into `creature_respawn`(`guid`,`respawnTime`,`mapId`,`instanceId`) values (168407,1480095202,0,0),(168411,1480095236,0,0),(168483,1480096582,0,0),(204790,1480098611,0,0),(204930,1480097634,0,0),(204934,1480097620,0,0),(205260,1480098532,0,0),(205269,1480097632,0,0),(205282,1480097618,0,0),(354060,1480020040,1,0),(354062,1480019782,1,0),(404751,1480099123,0,0),(792257,1480098885,0,0),(792275,1480096689,0,0),(792291,1480096763,0,0),(792362,1480098902,0,0),(792373,1480096772,0,0),(792385,1480096679,0,0),(792436,1480098888,0,0),(792438,1480098875,0,0),(792439,1480098857,0,0),(792444,1480096586,0,0),(792445,1480096674,0,0),(792446,1480096686,0,0),(792447,1480096584,0,0),(792448,1480096575,0,0),(792449,1480098881,0,0),(792450,1480096691,0,0),(792451,1480098887,0,0),(792452,1480098864,0,0),(792453,1480098867,0,0),(792454,1480096680,0,0),(792455,1480098889,0,0),(792456,1480096580,0,0),(792457,1480096580,0,0),(792460,1480096984,0,0),(792463,1480098851,0,0),(792464,1480098858,0,0),(792466,1480098881,0,0),(792467,1480098849,0,0),(792469,1480098858,0,0),(792470,1480098858,0,0),(792471,1480098865,0,0),(792478,1480098875,0,0),(792519,1480098844,0,0),(792583,1480098866,0,0),(792584,1480098854,0,0),(792600,1480096575,0,0),(792659,1480096923,0,0),(792678,1480096806,0,0),(792682,1480096811,0,0),(792683,1480096606,0,0),(792690,1480096721,0,0),(792709,1480096810,0,0),(792711,1480096806,0,0),(792712,1480096720,0,0),(792739,1480096927,0,0),(792742,1480096811,0,0),(792758,1480096813,0,0),(792764,1480096721,0,0),(792785,1480096810,0,0),(792807,1480096810,0,0),(997464,1480018126,860,0),(997483,1480018118,860,0),(997484,1480018108,860,0),(997485,1480018098,860,0),(997486,1480018091,860,0),(997865,1480095184,0,0),(997866,1480095184,0,0),(997867,1480095184,0,0),(997868,1480095184,0,0),(997869,1480095184,0,0),(997870,1480095184,0,0);

UNLOCK TABLES;

/*Table structure for table `cuf_profile` */

DROP TABLE IF EXISTS `cuf_profile`;

CREATE TABLE `cuf_profile` (
  `guid` int(10) unsigned NOT NULL,
  `name` varchar(128) NOT NULL,
  `data` tinyblob,
  PRIMARY KEY (`guid`,`name`)
) ENGINE=InnoDB DEFAULT CHARSET=utf8;

/*Data for the table `cuf_profile` */

LOCK TABLES `cuf_profile` WRITE;

insert  into `cuf_profile`(`guid`,`name`,`data`) values (1,'Основной','!(H\0$\0\0\0\0\0\0\0\0\0\0'),(2,'Основной','!`H\0$\0\0\0\0\0\0\0\0\0\0o'),(3,'Основной','!(H\0$\0\0\0\0\0\0\0\0\0\0h'),(4,'Основной','!\0H\0$\0\0\0\0\0\0\0\0\0\0'),(5,'Основной','!\0H\0$\0\0\0\0\0\0\0\0\0\0');

UNLOCK TABLES;

/*Table structure for table `daily_players_reports` */

DROP TABLE IF EXISTS `daily_players_reports`;

CREATE TABLE `daily_players_reports` (
  `guid` int(10) unsigned NOT NULL DEFAULT '0',
  `creation_time` int(10) unsigned NOT NULL DEFAULT '0',
  `average` float NOT NULL DEFAULT '0',
  `total_reports` bigint(20) unsigned NOT NULL DEFAULT '0',
  `speed_reports` bigint(20) unsigned NOT NULL DEFAULT '0',
  `fly_reports` bigint(20) unsigned NOT NULL DEFAULT '0',
  `jump_reports` bigint(20) unsigned NOT NULL DEFAULT '0',
  `waterwalk_reports` bigint(20) unsigned NOT NULL DEFAULT '0',
  `teleportplane_reports` bigint(20) unsigned NOT NULL DEFAULT '0',
  `climb_reports` bigint(20) unsigned NOT NULL DEFAULT '0',
  PRIMARY KEY (`guid`)
) ENGINE=InnoDB DEFAULT CHARSET=utf8;

/*Data for the table `daily_players_reports` */

LOCK TABLES `daily_players_reports` WRITE;

UNLOCK TABLES;

/*Table structure for table `game_event_condition_save` */

DROP TABLE IF EXISTS `game_event_condition_save`;

CREATE TABLE `game_event_condition_save` (
  `eventEntry` tinyint(3) unsigned NOT NULL,
  `condition_id` int(10) unsigned NOT NULL DEFAULT '0',
  `done` float DEFAULT '0',
  PRIMARY KEY (`eventEntry`,`condition_id`)
) ENGINE=InnoDB DEFAULT CHARSET=utf8;

/*Data for the table `game_event_condition_save` */

LOCK TABLES `game_event_condition_save` WRITE;

UNLOCK TABLES;

/*Table structure for table `game_event_save` */

DROP TABLE IF EXISTS `game_event_save`;

CREATE TABLE `game_event_save` (
  `eventEntry` tinyint(3) unsigned NOT NULL,
  `state` tinyint(3) unsigned NOT NULL DEFAULT '1',
  `next_start` int(10) unsigned NOT NULL DEFAULT '0',
  PRIMARY KEY (`eventEntry`)
) ENGINE=InnoDB DEFAULT CHARSET=utf8;

/*Data for the table `game_event_save` */

LOCK TABLES `game_event_save` WRITE;

insert  into `game_event_save`(`eventEntry`,`state`,`next_start`) values (33,2,0),(34,2,0),(35,2,0),(36,2,0),(37,2,0),(38,2,0),(39,2,0),(40,2,0),(41,2,0),(42,2,0),(43,2,0),(44,2,0),(45,2,0),(46,2,0),(47,2,0);

UNLOCK TABLES;

/*Table structure for table `gameobject_respawn` */

DROP TABLE IF EXISTS `gameobject_respawn`;

CREATE TABLE `gameobject_respawn` (
  `guid` int(10) unsigned NOT NULL DEFAULT '0' COMMENT 'Global Unique Identifier',
  `respawnTime` int(10) unsigned NOT NULL DEFAULT '0',
  `mapId` smallint(10) unsigned NOT NULL DEFAULT '0',
  `instanceId` int(10) unsigned NOT NULL DEFAULT '0' COMMENT 'Instance Identifier',
  PRIMARY KEY (`guid`,`instanceId`),
  KEY `idx_instance` (`instanceId`)
) ENGINE=InnoDB DEFAULT CHARSET=utf8 COMMENT='Grid Loading System';

/*Data for the table `gameobject_respawn` */

LOCK TABLES `gameobject_respawn` WRITE;

insert  into `gameobject_respawn`(`guid`,`respawnTime`,`mapId`,`instanceId`) values (197241,1480018128,860,0),(200545,1480019594,0,0),(524910,1480094977,0,0);

UNLOCK TABLES;

/*Table structure for table `gm_subsurveys` */

DROP TABLE IF EXISTS `gm_subsurveys`;

CREATE TABLE `gm_subsurveys` (
  `surveyId` int(10) unsigned NOT NULL AUTO_INCREMENT,
  `subsurveyId` int(10) unsigned NOT NULL DEFAULT '0',
  `rank` int(10) unsigned NOT NULL DEFAULT '0',
  `comment` text NOT NULL,
  PRIMARY KEY (`surveyId`,`subsurveyId`)
) ENGINE=InnoDB DEFAULT CHARSET=utf8 COMMENT='Player System';

/*Data for the table `gm_subsurveys` */

LOCK TABLES `gm_subsurveys` WRITE;

UNLOCK TABLES;

/*Table structure for table `gm_surveys` */

DROP TABLE IF EXISTS `gm_surveys`;

CREATE TABLE `gm_surveys` (
  `surveyId` int(10) unsigned NOT NULL AUTO_INCREMENT,
  `guid` int(10) unsigned NOT NULL DEFAULT '0',
  `mainSurvey` int(10) unsigned NOT NULL DEFAULT '0',
  `overallComment` longtext NOT NULL,
  `createTime` int(10) unsigned NOT NULL DEFAULT '0',
  PRIMARY KEY (`surveyId`)
) ENGINE=InnoDB DEFAULT CHARSET=utf8 COMMENT='Player System';

/*Data for the table `gm_surveys` */

LOCK TABLES `gm_surveys` WRITE;

UNLOCK TABLES;

/*Table structure for table `gm_tickets` */

DROP TABLE IF EXISTS `gm_tickets`;

CREATE TABLE `gm_tickets` (
  `ticketId` int(10) unsigned NOT NULL AUTO_INCREMENT,
  `guid` int(10) unsigned NOT NULL DEFAULT '0' COMMENT 'Global Unique Identifier of ticket creator',
  `name` varchar(12) NOT NULL COMMENT 'Name of ticket creator',
  `message` text NOT NULL,
  `createTime` int(10) unsigned NOT NULL DEFAULT '0',
  `mapId` smallint(5) unsigned NOT NULL DEFAULT '0',
  `posX` float NOT NULL DEFAULT '0',
  `posY` float NOT NULL DEFAULT '0',
  `posZ` float NOT NULL DEFAULT '0',
  `lastModifiedTime` int(10) unsigned NOT NULL DEFAULT '0',
  `closedBy` int(10) NOT NULL DEFAULT '0',
  `assignedTo` int(10) unsigned NOT NULL DEFAULT '0' COMMENT 'GUID of admin to whom ticket is assigned',
  `comment` text NOT NULL,
  `completed` tinyint(3) unsigned NOT NULL DEFAULT '0',
  `escalated` tinyint(3) unsigned NOT NULL DEFAULT '0',
  `viewed` tinyint(3) unsigned NOT NULL DEFAULT '0',
  `haveTicket` tinyint(3) unsigned NOT NULL DEFAULT '0',
  PRIMARY KEY (`ticketId`)
) ENGINE=InnoDB DEFAULT CHARSET=utf8 COMMENT='Player System';

/*Data for the table `gm_tickets` */

LOCK TABLES `gm_tickets` WRITE;

UNLOCK TABLES;

/*Table structure for table `group_instance` */

DROP TABLE IF EXISTS `group_instance`;

CREATE TABLE `group_instance` (
  `guid` int(10) unsigned NOT NULL DEFAULT '0',
  `instance` int(10) unsigned NOT NULL DEFAULT '0',
  `permanent` tinyint(3) unsigned NOT NULL DEFAULT '0',
  PRIMARY KEY (`guid`,`instance`),
  KEY `instance` (`instance`)
) ENGINE=InnoDB DEFAULT CHARSET=utf8;

/*Data for the table `group_instance` */

LOCK TABLES `group_instance` WRITE;

UNLOCK TABLES;

/*Table structure for table `group_member` */

DROP TABLE IF EXISTS `group_member`;

CREATE TABLE `group_member` (
  `guid` int(10) unsigned NOT NULL,
  `memberGuid` int(10) unsigned NOT NULL,
  `memberFlags` tinyint(3) unsigned NOT NULL DEFAULT '0',
  `subgroup` tinyint(3) unsigned NOT NULL DEFAULT '0',
  `roles` tinyint(3) unsigned NOT NULL DEFAULT '0',
  PRIMARY KEY (`memberGuid`)
) ENGINE=InnoDB DEFAULT CHARSET=utf8 COMMENT='Groups';

/*Data for the table `group_member` */

LOCK TABLES `group_member` WRITE;

UNLOCK TABLES;

/*Table structure for table `groups` */

DROP TABLE IF EXISTS `groups`;

CREATE TABLE `groups` (
  `guid` int(10) unsigned NOT NULL,
  `leaderGuid` int(10) unsigned NOT NULL,
  `lootMethod` tinyint(3) unsigned NOT NULL,
  `looterGuid` int(10) unsigned NOT NULL,
  `lootThreshold` tinyint(3) unsigned NOT NULL,
  `icon1` int(10) unsigned NOT NULL,
  `icon2` int(10) unsigned NOT NULL,
  `icon3` int(10) unsigned NOT NULL,
  `icon4` int(10) unsigned NOT NULL,
  `icon5` int(10) unsigned NOT NULL,
  `icon6` int(10) unsigned NOT NULL,
  `icon7` int(10) unsigned NOT NULL,
  `icon8` int(10) unsigned NOT NULL,
  `groupType` tinyint(3) unsigned NOT NULL,
  `difficulty` tinyint(3) unsigned NOT NULL DEFAULT '0',
  `raiddifficulty` tinyint(3) unsigned NOT NULL DEFAULT '0',
  PRIMARY KEY (`guid`),
  KEY `leaderGuid` (`leaderGuid`)
) ENGINE=InnoDB DEFAULT CHARSET=utf8 COMMENT='Groups';

/*Data for the table `groups` */

LOCK TABLES `groups` WRITE;

UNLOCK TABLES;

/*Table structure for table `guild` */

DROP TABLE IF EXISTS `guild`;

CREATE TABLE `guild` (
  `guildid` int(10) unsigned NOT NULL DEFAULT '0',
  `name` varchar(24) NOT NULL DEFAULT '',
  `leaderguid` int(10) unsigned NOT NULL DEFAULT '0',
  `EmblemStyle` tinyint(3) unsigned NOT NULL DEFAULT '0',
  `EmblemColor` tinyint(3) unsigned NOT NULL DEFAULT '0',
  `BorderStyle` tinyint(3) unsigned NOT NULL DEFAULT '0',
  `BorderColor` tinyint(3) unsigned NOT NULL DEFAULT '0',
  `BackgroundColor` tinyint(3) unsigned NOT NULL DEFAULT '0',
  `info` varchar(500) NOT NULL DEFAULT '',
  `motd` varchar(128) NOT NULL DEFAULT '',
  `createdate` int(10) unsigned NOT NULL DEFAULT '0',
  `BankMoney` bigint(20) unsigned NOT NULL DEFAULT '0',
  `level` int(10) unsigned DEFAULT '1',
  `experience` bigint(20) unsigned DEFAULT '0',
  `todayExperience` bigint(20) unsigned DEFAULT '0',
  PRIMARY KEY (`guildid`)
) ENGINE=InnoDB DEFAULT CHARSET=utf8 COMMENT='Guild System';

/*Data for the table `guild` */

LOCK TABLES `guild` WRITE;

UNLOCK TABLES;

/*Table structure for table `guild_achievement` */

DROP TABLE IF EXISTS `guild_achievement`;

CREATE TABLE `guild_achievement` (
  `guildId` int(10) unsigned NOT NULL,
  `achievement` smallint(5) unsigned NOT NULL,
  `date` int(10) unsigned NOT NULL DEFAULT '0',
  `guids` text NOT NULL,
  PRIMARY KEY (`guildId`,`achievement`)
) ENGINE=InnoDB DEFAULT CHARSET=utf8;

/*Data for the table `guild_achievement` */

LOCK TABLES `guild_achievement` WRITE;

UNLOCK TABLES;

/*Table structure for table `guild_achievement_progress` */

DROP TABLE IF EXISTS `guild_achievement_progress`;

CREATE TABLE `guild_achievement_progress` (
  `guildId` int(10) unsigned NOT NULL,
  `criteria` smallint(5) unsigned NOT NULL,
  `counter` int(10) unsigned NOT NULL,
  `date` int(10) unsigned NOT NULL DEFAULT '0',
  `completedGuid` int(10) unsigned NOT NULL DEFAULT '0',
  PRIMARY KEY (`guildId`,`criteria`)
) ENGINE=InnoDB DEFAULT CHARSET=utf8;

/*Data for the table `guild_achievement_progress` */

LOCK TABLES `guild_achievement_progress` WRITE;

UNLOCK TABLES;

/*Table structure for table `guild_bank_eventlog` */

DROP TABLE IF EXISTS `guild_bank_eventlog`;

CREATE TABLE `guild_bank_eventlog` (
  `guildid` int(10) unsigned NOT NULL DEFAULT '0' COMMENT 'Guild Identificator',
  `LogGuid` int(10) unsigned NOT NULL DEFAULT '0' COMMENT 'Log record identificator - auxiliary column',
  `TabId` tinyint(3) unsigned NOT NULL DEFAULT '0' COMMENT 'Guild bank TabId',
  `EventType` tinyint(3) unsigned NOT NULL DEFAULT '0' COMMENT 'Event type',
  `PlayerGuid` int(10) unsigned NOT NULL DEFAULT '0',
  `ItemOrMoney` int(10) unsigned NOT NULL DEFAULT '0',
  `ItemStackCount` smallint(5) unsigned NOT NULL DEFAULT '0',
  `DestTabId` tinyint(3) unsigned NOT NULL DEFAULT '0' COMMENT 'Destination Tab Id',
  `TimeStamp` int(10) unsigned NOT NULL DEFAULT '0' COMMENT 'Event UNIX time',
  PRIMARY KEY (`guildid`,`LogGuid`,`TabId`),
  KEY `guildid_key` (`guildid`),
  KEY `Idx_PlayerGuid` (`PlayerGuid`),
  KEY `Idx_LogGuid` (`LogGuid`)
) ENGINE=InnoDB DEFAULT CHARSET=utf8;

/*Data for the table `guild_bank_eventlog` */

LOCK TABLES `guild_bank_eventlog` WRITE;

UNLOCK TABLES;

/*Table structure for table `guild_bank_item` */

DROP TABLE IF EXISTS `guild_bank_item`;

CREATE TABLE `guild_bank_item` (
  `guildid` int(10) unsigned NOT NULL DEFAULT '0',
  `TabId` tinyint(3) unsigned NOT NULL DEFAULT '0',
  `SlotId` tinyint(3) unsigned NOT NULL DEFAULT '0',
  `item_guid` int(10) unsigned NOT NULL DEFAULT '0',
  PRIMARY KEY (`guildid`,`TabId`,`SlotId`),
  KEY `guildid_key` (`guildid`),
  KEY `Idx_item_guid` (`item_guid`)
) ENGINE=InnoDB DEFAULT CHARSET=utf8;

/*Data for the table `guild_bank_item` */

LOCK TABLES `guild_bank_item` WRITE;

UNLOCK TABLES;

/*Table structure for table `guild_bank_right` */

DROP TABLE IF EXISTS `guild_bank_right`;

CREATE TABLE `guild_bank_right` (
  `guildid` int(10) unsigned NOT NULL DEFAULT '0',
  `TabId` tinyint(3) unsigned NOT NULL DEFAULT '0',
  `rid` tinyint(3) unsigned NOT NULL DEFAULT '0',
  `gbright` tinyint(3) unsigned NOT NULL DEFAULT '0',
  `SlotPerDay` int(10) unsigned NOT NULL DEFAULT '0',
  PRIMARY KEY (`guildid`,`TabId`,`rid`),
  KEY `guildid_key` (`guildid`)
) ENGINE=InnoDB DEFAULT CHARSET=utf8;

/*Data for the table `guild_bank_right` */

LOCK TABLES `guild_bank_right` WRITE;

UNLOCK TABLES;

/*Table structure for table `guild_bank_tab` */

DROP TABLE IF EXISTS `guild_bank_tab`;

CREATE TABLE `guild_bank_tab` (
  `guildid` int(10) unsigned NOT NULL DEFAULT '0',
  `TabId` tinyint(3) unsigned NOT NULL DEFAULT '0',
  `TabName` varchar(16) NOT NULL DEFAULT '',
  `TabIcon` varchar(100) NOT NULL DEFAULT '',
  `TabText` varchar(500) DEFAULT NULL,
  PRIMARY KEY (`guildid`,`TabId`),
  KEY `guildid_key` (`guildid`)
) ENGINE=InnoDB DEFAULT CHARSET=utf8;

/*Data for the table `guild_bank_tab` */

LOCK TABLES `guild_bank_tab` WRITE;

UNLOCK TABLES;

/*Table structure for table `guild_eventlog` */

DROP TABLE IF EXISTS `guild_eventlog`;

CREATE TABLE `guild_eventlog` (
  `guildid` int(10) unsigned NOT NULL COMMENT 'Guild Identificator',
  `LogGuid` int(10) unsigned NOT NULL COMMENT 'Log record identificator - auxiliary column',
  `EventType` tinyint(3) unsigned NOT NULL COMMENT 'Event type',
  `PlayerGuid1` int(10) unsigned NOT NULL COMMENT 'Player 1',
  `PlayerGuid2` int(10) unsigned NOT NULL COMMENT 'Player 2',
  `NewRank` tinyint(3) unsigned NOT NULL COMMENT 'New rank(in case promotion/demotion)',
  `TimeStamp` int(10) unsigned NOT NULL COMMENT 'Event UNIX time',
  PRIMARY KEY (`guildid`,`LogGuid`),
  KEY `Idx_PlayerGuid1` (`PlayerGuid1`),
  KEY `Idx_PlayerGuid2` (`PlayerGuid2`),
  KEY `Idx_LogGuid` (`LogGuid`)
) ENGINE=InnoDB DEFAULT CHARSET=utf8 COMMENT='Guild Eventlog';

/*Data for the table `guild_eventlog` */

LOCK TABLES `guild_eventlog` WRITE;

UNLOCK TABLES;

/*Table structure for table `guild_finder_applicant` */

DROP TABLE IF EXISTS `guild_finder_applicant`;

CREATE TABLE `guild_finder_applicant` (
  `guildId` int(10) unsigned DEFAULT NULL,
  `playerGuid` int(10) unsigned DEFAULT NULL,
  `availability` tinyint(3) unsigned DEFAULT '0',
  `classRole` tinyint(3) unsigned DEFAULT '0',
  `interests` tinyint(3) unsigned DEFAULT '0',
  `comment` varchar(255) DEFAULT NULL,
  `submitTime` int(10) unsigned DEFAULT NULL,
  UNIQUE KEY `guildId` (`guildId`,`playerGuid`)
) ENGINE=InnoDB DEFAULT CHARSET=latin1;

/*Data for the table `guild_finder_applicant` */

LOCK TABLES `guild_finder_applicant` WRITE;

UNLOCK TABLES;

/*Table structure for table `guild_finder_guild_settings` */

DROP TABLE IF EXISTS `guild_finder_guild_settings`;

CREATE TABLE `guild_finder_guild_settings` (
  `guildId` int(10) unsigned NOT NULL,
  `availability` tinyint(3) unsigned NOT NULL DEFAULT '0',
  `classRoles` tinyint(3) unsigned NOT NULL DEFAULT '0',
  `interests` tinyint(3) unsigned NOT NULL DEFAULT '0',
  `level` tinyint(3) unsigned NOT NULL DEFAULT '1',
  `listed` tinyint(3) unsigned NOT NULL DEFAULT '0',
  `comment` varchar(255) DEFAULT NULL,
  PRIMARY KEY (`guildId`)
) ENGINE=InnoDB DEFAULT CHARSET=latin1;

/*Data for the table `guild_finder_guild_settings` */

LOCK TABLES `guild_finder_guild_settings` WRITE;

UNLOCK TABLES;

/*Table structure for table `guild_member` */

DROP TABLE IF EXISTS `guild_member`;

CREATE TABLE `guild_member` (
  `guildid` int(10) unsigned NOT NULL COMMENT 'Guild Identificator',
  `guid` int(10) unsigned NOT NULL,
  `rank` tinyint(3) unsigned NOT NULL,
  `pnote` varchar(31) NOT NULL DEFAULT '',
  `offnote` varchar(31) NOT NULL DEFAULT '',
  `BankResetTimeMoney` int(10) unsigned NOT NULL DEFAULT '0',
  `BankRemMoney` int(10) unsigned NOT NULL DEFAULT '0',
  `BankResetTimeTab0` int(10) unsigned NOT NULL DEFAULT '0',
  `BankRemSlotsTab0` int(10) unsigned NOT NULL DEFAULT '0',
  `BankResetTimeTab1` int(10) unsigned NOT NULL DEFAULT '0',
  `BankRemSlotsTab1` int(10) unsigned NOT NULL DEFAULT '0',
  `BankResetTimeTab2` int(10) unsigned NOT NULL DEFAULT '0',
  `BankRemSlotsTab2` int(10) unsigned NOT NULL DEFAULT '0',
  `BankResetTimeTab3` int(10) unsigned NOT NULL DEFAULT '0',
  `BankRemSlotsTab3` int(10) unsigned NOT NULL DEFAULT '0',
  `BankResetTimeTab4` int(10) unsigned NOT NULL DEFAULT '0',
  `BankRemSlotsTab4` int(10) unsigned NOT NULL DEFAULT '0',
  `BankResetTimeTab5` int(10) unsigned NOT NULL DEFAULT '0',
  `BankRemSlotsTab5` int(10) unsigned NOT NULL DEFAULT '0',
  `BankResetTimeTab6` int(10) unsigned NOT NULL DEFAULT '0',
  `BankRemSlotsTab6` int(10) unsigned NOT NULL DEFAULT '0',
  `BankResetTimeTab7` int(10) unsigned NOT NULL DEFAULT '0',
  `BankRemSlotsTab7` int(10) unsigned NOT NULL DEFAULT '0',
  UNIQUE KEY `guid_key` (`guid`),
  KEY `guildid_key` (`guildid`),
  KEY `guildid_rank_key` (`guildid`,`rank`)
) ENGINE=InnoDB DEFAULT CHARSET=utf8 COMMENT='Guild System';

/*Data for the table `guild_member` */

LOCK TABLES `guild_member` WRITE;

UNLOCK TABLES;

/*Table structure for table `guild_news_log` */

DROP TABLE IF EXISTS `guild_news_log`;

CREATE TABLE `guild_news_log` (
  `guild` int(10) unsigned NOT NULL,
  `id` int(10) unsigned NOT NULL,
  `eventType` int(10) unsigned NOT NULL,
  `playerGuid` bigint(20) unsigned NOT NULL,
  `data` int(10) unsigned NOT NULL,
  `flags` int(10) unsigned NOT NULL,
  `date` int(10) unsigned NOT NULL DEFAULT '0',
  PRIMARY KEY (`guild`,`id`)
) ENGINE=InnoDB DEFAULT CHARSET=utf8;

/*Data for the table `guild_news_log` */

LOCK TABLES `guild_news_log` WRITE;

UNLOCK TABLES;

/*Table structure for table `guild_rank` */

DROP TABLE IF EXISTS `guild_rank`;

CREATE TABLE `guild_rank` (
  `guildid` int(10) unsigned NOT NULL DEFAULT '0',
  `rid` tinyint(3) unsigned NOT NULL,
  `rname` varchar(20) NOT NULL DEFAULT '',
  `rights` mediumint(8) unsigned NOT NULL DEFAULT '0',
  `BankMoneyPerDay` int(10) unsigned NOT NULL DEFAULT '0',
  PRIMARY KEY (`guildid`,`rid`),
  KEY `Idx_rid` (`rid`)
) ENGINE=InnoDB DEFAULT CHARSET=utf8 COMMENT='Guild System';

/*Data for the table `guild_rank` */

LOCK TABLES `guild_rank` WRITE;

UNLOCK TABLES;

/*Table structure for table `instance` */

DROP TABLE IF EXISTS `instance`;

CREATE TABLE `instance` (
  `id` int(10) unsigned NOT NULL DEFAULT '0',
  `map` smallint(5) unsigned NOT NULL DEFAULT '0',
  `resettime` int(10) unsigned NOT NULL DEFAULT '0',
  `difficulty` tinyint(3) unsigned NOT NULL DEFAULT '0',
  `completedEncounters` int(10) unsigned NOT NULL DEFAULT '0',
  `data` tinytext NOT NULL,
  PRIMARY KEY (`id`),
  KEY `map` (`map`),
  KEY `resettime` (`resettime`),
  KEY `difficulty` (`difficulty`)
) ENGINE=InnoDB DEFAULT CHARSET=utf8;

/*Data for the table `instance` */

LOCK TABLES `instance` WRITE;

UNLOCK TABLES;

/*Table structure for table `instance_reset` */

DROP TABLE IF EXISTS `instance_reset`;

CREATE TABLE `instance_reset` (
  `mapid` smallint(5) unsigned NOT NULL DEFAULT '0',
  `difficulty` tinyint(3) unsigned NOT NULL DEFAULT '0',
  `resettime` int(10) unsigned NOT NULL DEFAULT '0',
  PRIMARY KEY (`mapid`,`difficulty`),
  KEY `difficulty` (`difficulty`)
) ENGINE=InnoDB DEFAULT CHARSET=utf8;

/*Data for the table `instance_reset` */

LOCK TABLES `instance_reset` WRITE;

insert  into `instance_reset`(`mapid`,`difficulty`,`resettime`) values (33,2,1480132800),(36,2,1480132800),(249,3,1480392000),(249,4,1480392000),(269,2,1480132800),(409,9,1480392000),(469,9,1480392000),(509,3,1480132800),(531,9,1480392000),(532,3,1480392000),(533,3,1480392000),(533,4,1480392000),(534,4,1480392000),(540,2,1480132800),(542,2,1480132800),(543,2,1480132800),(544,4,1480392000),(545,2,1480132800),(546,2,1480132800),(547,2,1480132800),(548,4,1480392000),(550,4,1480392000),(552,2,1480132800),(553,2,1480132800),(554,2,1480132800),(555,2,1480132800),(556,2,1480132800),(557,2,1480132800),(558,2,1480132800),(560,2,1480132800),(564,4,1480392000),(565,4,1480392000),(568,2,1480132800),(574,2,1480132800),(575,2,1480132800),(576,2,1480132800),(578,2,1480132800),(580,4,1480392000),(585,2,1480132800),(595,2,1480132800),(598,2,1480132800),(599,2,1480132800),(600,2,1480132800),(601,2,1480132800),(602,2,1480132800),(603,3,1480392000),(603,4,1480392000),(604,2,1480132800),(608,2,1480132800),(615,3,1480392000),(615,4,1480392000),(616,3,1480392000),(616,4,1480392000),(619,2,1480132800),(624,3,1480392000),(624,4,1480392000),(631,3,1480392000),(631,4,1480392000),(631,5,1480392000),(631,6,1480392000),(632,2,1480132800),(643,2,1480132800),(644,2,1480132800),(645,2,1480132800),(649,3,1480392000),(649,4,1480392000),(649,5,1480392000),(649,6,1480392000),(650,2,1480132800),(657,2,1480132800),(658,2,1480132800),(668,2,1480132800),(669,3,1480392000),(669,4,1480392000),(669,5,1480392000),(669,6,1480392000),(670,2,1480132800),(671,3,1480392000),(671,4,1480392000),(671,5,1480392000),(671,6,1480392000),(720,3,1480392000),(720,4,1480392000),(720,5,1480392000),(720,6,1480392000),(724,3,1480392000),(724,4,1480392000),(724,5,1480392000),(724,6,1480392000),(725,2,1480132800),(754,3,1480392000),(754,4,1480392000),(754,5,1480392000),(754,6,1480392000),(755,2,1480132800),(757,3,1480392000),(757,4,1480392000),(757,5,1480392000),(757,6,1480392000),(859,2,1480132800),(938,2,1480132800),(939,2,1480132800),(940,2,1480132800),(959,2,1480132800),(960,2,1480132800),(961,2,1480132800),(962,2,1480132800),(967,3,1480392000),(967,4,1480392000),(967,5,1480392000),(967,6,1480392000),(994,2,1480132800),(996,3,1480392000),(996,4,1480392000),(996,5,1480392000),(996,6,1480392000),(1001,2,1480132800),(1004,2,1480132800),(1007,2,1480132800),(1008,3,1480392000),(1008,4,1480392000),(1008,5,1480392000),(1008,6,1480392000),(1009,3,1480392000),(1009,4,1480392000),(1009,5,1480392000),(1009,6,1480392000),(1011,2,1480132800),(1098,3,1480392000),(1098,4,1480392000),(1098,5,1480392000),(1098,6,1480392000),(1136,3,1480392000),(1136,4,1480392000),(1136,5,1480392000),(1136,6,1480392000);

UNLOCK TABLES;

/*Table structure for table `item_instance` */

DROP TABLE IF EXISTS `item_instance`;

CREATE TABLE `item_instance` (
  `guid` int(10) unsigned NOT NULL DEFAULT '0',
  `itemEntry` mediumint(8) unsigned NOT NULL DEFAULT '0',
  `owner_guid` int(10) unsigned NOT NULL DEFAULT '0',
  `creatorGuid` int(10) unsigned NOT NULL DEFAULT '0',
  `giftCreatorGuid` int(10) unsigned NOT NULL DEFAULT '0',
  `count` int(10) unsigned NOT NULL DEFAULT '1',
  `duration` int(10) NOT NULL DEFAULT '0',
  `charges` tinytext,
  `flags` mediumint(8) unsigned NOT NULL DEFAULT '0',
  `enchantments` text NOT NULL,
  `randomPropertyId` smallint(5) NOT NULL DEFAULT '0',
  `reforgeId` mediumint(8) DEFAULT NULL,
  `transmogrifyId` mediumint(8) DEFAULT NULL,
  `upgradeId` mediumint(8) DEFAULT NULL,
  `durability` smallint(5) unsigned NOT NULL DEFAULT '0',
  `playedTime` int(10) unsigned NOT NULL DEFAULT '0',
  `text` text,
  PRIMARY KEY (`guid`),
  KEY `idx_owner_guid` (`owner_guid`)
) ENGINE=InnoDB DEFAULT CHARSET=utf8 COMMENT='Item System';

/*Data for the table `item_instance` */

LOCK TABLES `item_instance` WRITE;

insert  into `item_instance`(`guid`,`itemEntry`,`owner_guid`,`creatorGuid`,`giftCreatorGuid`,`count`,`duration`,`charges`,`flags`,`enchantments`,`randomPropertyId`,`reforgeId`,`transmogrifyId`,`upgradeId`,`durability`,`playedTime`,`text`) values (2,58233,1,0,0,1,0,'0 0 0 0 0 ',0,'0 0 0 0 0 0 0 0 0 0 0 0 0 0 0 0 0 0 0 0 0 0 0 0 0 0 0 0 0 0 0 0 0 0 0 0 0 0 0 ',0,0,0,0,55,0,''),(4,43,1,0,0,1,0,'0 0 0 0 0 ',0,'0 0 0 0 0 0 0 0 0 0 0 0 0 0 0 0 0 0 0 0 0 0 0 0 0 0 0 0 0 0 0 0 0 0 0 0 0 0 0 ',0,0,0,0,25,0,''),(6,44,1,0,0,1,0,'0 0 0 0 0 ',0,'0 0 0 0 0 0 0 0 0 0 0 0 0 0 0 0 0 0 0 0 0 0 0 0 0 0 0 0 0 0 0 0 0 0 0 0 0 0 0 ',0,0,0,0,40,0,''),(8,6948,1,0,0,1,0,'0 0 0 0 0 ',1,'0 0 0 0 0 0 0 0 0 0 0 0 0 0 0 0 0 0 0 0 0 0 0 0 0 0 0 0 0 0 0 0 0 0 0 0 0 0 0 ',0,0,0,0,0,0,''),(10,52557,1,0,0,1,0,'0 0 0 0 0 ',0,'0 0 0 0 0 0 0 0 0 0 0 0 0 0 0 0 0 0 0 0 0 0 0 0 0 0 0 0 0 0 0 0 0 0 0 0 0 0 0 ',0,0,0,0,40,0,''),(23,57254,1,0,0,1,0,'0 0 0 0 0 ',1,'0 0 0 0 0 0 0 0 0 0 0 0 0 0 0 0 0 0 0 0 0 0 0 0 0 0 0 0 0 0 0 0 0 0 0 0 0 0 0 ',0,0,0,0,25,0,''),(24,828,1,0,0,1,0,'0 0 0 0 0 ',196608,'0 0 0 0 0 0 0 0 0 0 0 0 0 0 0 0 0 0 0 0 0 0 0 0 0 0 0 0 0 0 0 0 0 0 0 0 0 0 0 ',0,0,0,0,0,0,''),(25,4496,1,0,0,1,0,'0 0 0 0 0 ',196608,'0 0 0 0 0 0 0 0 0 0 0 0 0 0 0 0 0 0 0 0 0 0 0 0 0 0 0 0 0 0 0 0 0 0 0 0 0 0 0 ',0,0,0,0,0,0,''),(26,805,1,0,0,1,0,'0 0 0 0 0 ',196608,'0 0 0 0 0 0 0 0 0 0 0 0 0 0 0 0 0 0 0 0 0 0 0 0 0 0 0 0 0 0 0 0 0 0 0 0 0 0 0 ',0,0,0,0,0,0,''),(27,159,1,0,0,2,0,'-1 0 0 0 0 ',0,'0 0 0 0 0 0 0 0 0 0 0 0 0 0 0 0 0 0 0 0 0 0 0 0 0 0 0 0 0 0 0 0 0 0 0 0 0 0 0 ',0,0,0,0,0,0,''),(28,117,1,0,0,9,0,'-1 0 0 0 0 ',0,'0 0 0 0 0 0 0 0 0 0 0 0 0 0 0 0 0 0 0 0 0 0 0 0 0 0 0 0 0 0 0 0 0 0 0 0 0 0 0 ',0,0,0,0,0,0,''),(33,5571,1,0,0,1,0,'0 0 0 0 0 ',196608,'0 0 0 0 0 0 0 0 0 0 0 0 0 0 0 0 0 0 0 0 0 0 0 0 0 0 0 0 0 0 0 0 0 0 0 0 0 0 0 ',0,0,0,0,0,0,''),(36,5571,1,0,0,1,0,'0 0 0 0 0 ',196608,'0 0 0 0 0 0 0 0 0 0 0 0 0 0 0 0 0 0 0 0 0 0 0 0 0 0 0 0 0 0 0 0 0 0 0 0 0 0 0 ',0,0,0,0,0,0,''),(37,57387,1,0,0,1,0,'0 0 0 0 0 ',1,'0 0 0 0 0 0 0 0 0 0 0 0 0 0 0 0 0 0 0 0 0 0 0 0 0 0 0 0 0 0 0 0 0 0 0 0 0 0 0 ',0,0,0,0,45,0,''),(38,805,1,0,0,1,0,'0 0 0 0 0 ',196608,'0 0 0 0 0 0 0 0 0 0 0 0 0 0 0 0 0 0 0 0 0 0 0 0 0 0 0 0 0 0 0 0 0 0 0 0 0 0 0 ',0,0,0,0,0,0,''),(41,5571,1,0,0,1,0,'0 0 0 0 0 ',196608,'0 0 0 0 0 0 0 0 0 0 0 0 0 0 0 0 0 0 0 0 0 0 0 0 0 0 0 0 0 0 0 0 0 0 0 0 0 0 0 ',0,0,0,0,0,0,''),(44,62328,1,0,0,1,0,'0 0 0 0 0 ',0,'0 0 0 0 0 0 0 0 0 0 0 0 0 0 0 0 0 0 0 0 0 0 0 0 0 0 0 0 0 0 0 0 0 0 0 0 0 0 0 ',0,0,0,0,0,0,''),(45,5571,1,0,0,1,0,'0 0 0 0 0 ',196608,'0 0 0 0 0 0 0 0 0 0 0 0 0 0 0 0 0 0 0 0 0 0 0 0 0 0 0 0 0 0 0 0 0 0 0 0 0 0 0 ',0,0,0,0,0,0,''),(47,2186,1,0,0,1,0,'0 0 0 0 0 ',1,'0 0 0 0 0 0 0 0 0 0 0 0 0 0 0 0 0 0 0 0 0 0 0 0 0 0 0 0 0 0 0 0 0 0 0 0 0 0 0 ',0,0,0,0,20,0,''),(52,5579,1,0,0,1,0,'0 0 0 0 0 ',1,'0 0 0 0 0 0 0 0 0 0 0 0 0 0 0 0 0 0 0 0 0 0 0 0 0 0 0 0 0 0 0 0 0 0 0 0 0 0 0 ',0,0,0,0,45,0,''),(54,77509,2,0,0,1,0,'0 0 0 0 0 ',1,'0 0 0 0 0 0 0 0 0 0 0 0 0 0 0 0 0 0 0 0 0 0 0 0 0 0 0 0 0 0 0 0 0 0 0 0 0 0 0 ',0,0,0,0,20,0,''),(56,72019,2,0,0,1,0,'0 0 0 0 0 ',1,'0 0 0 0 0 0 0 0 0 0 0 0 0 0 0 0 0 0 0 0 0 0 0 0 0 0 0 0 0 0 0 0 0 0 0 0 0 0 0 ',0,0,0,0,55,0,''),(58,72020,2,0,0,1,0,'0 0 0 0 0 ',1,'0 0 0 0 0 0 0 0 0 0 0 0 0 0 0 0 0 0 0 0 0 0 0 0 0 0 0 0 0 0 0 0 0 0 0 0 0 0 0 ',0,0,0,0,40,0,''),(60,77272,2,0,0,4,0,'-1 0 0 0 0 ',0,'0 0 0 0 0 0 0 0 0 0 0 0 0 0 0 0 0 0 0 0 0 0 0 0 0 0 0 0 0 0 0 0 0 0 0 0 0 0 0 ',0,0,0,0,0,0,''),(62,6948,2,0,0,1,0,'0 0 0 0 0 ',1,'0 0 0 0 0 0 0 0 0 0 0 0 0 0 0 0 0 0 0 0 0 0 0 0 0 0 0 0 0 0 0 0 0 0 0 0 0 0 0 ',0,0,0,0,0,0,''),(64,77526,2,0,0,1,0,'0 0 0 0 0 ',1,'0 0 0 0 0 0 0 0 0 0 0 0 0 0 0 0 0 0 0 0 0 0 0 0 0 0 0 0 0 0 0 0 0 0 0 0 0 0 0 ',0,0,0,0,20,0,''),(66,73209,2,0,0,1,0,'0 0 0 0 0 ',1,'0 0 0 0 0 0 0 0 0 0 0 0 0 0 0 0 0 0 0 0 0 0 0 0 0 0 0 0 0 0 0 0 0 0 0 0 0 0 0 ',0,0,0,0,40,0,''),(67,57247,1,0,0,1,0,'0 0 0 0 0 ',196609,'0 0 0 0 0 0 0 0 0 0 0 0 0 0 0 0 0 0 0 0 0 0 0 0 0 0 0 0 0 0 0 0 0 0 0 0 0 0 0 ',0,0,0,0,0,0,''),(68,11475,1,0,0,1,0,'0 0 0 0 0 ',1,'0 0 0 0 0 0 0 0 0 0 0 0 0 0 0 0 0 0 0 0 0 0 0 0 0 0 0 0 0 0 0 0 0 0 0 0 0 0 0 ',0,0,0,0,0,0,''),(69,57391,1,0,0,1,0,'0 0 0 0 0 ',1,'0 0 0 0 0 0 0 0 0 0 0 0 0 0 0 0 0 0 0 0 0 0 0 0 0 0 0 0 0 0 0 0 0 0 0 0 0 0 0 ',0,0,0,0,45,0,''),(71,58364,1,0,0,1,0,'0 0 0 0 0 ',1,'0 0 0 0 0 0 0 0 0 0 0 0 0 0 0 0 0 0 0 0 0 0 0 0 0 0 0 0 0 0 0 0 0 0 0 0 0 0 0 ',0,0,0,0,0,0,''),(73,56,3,0,0,1,0,'0 0 0 0 0 ',0,'0 0 0 0 0 0 0 0 0 0 0 0 0 0 0 0 0 0 0 0 0 0 0 0 0 0 0 0 0 0 0 0 0 0 0 0 0 0 0 ',0,0,0,0,55,0,''),(75,1395,3,0,0,1,0,'0 0 0 0 0 ',0,'0 0 0 0 0 0 0 0 0 0 0 0 0 0 0 0 0 0 0 0 0 0 0 0 0 0 0 0 0 0 0 0 0 0 0 0 0 0 0 ',0,0,0,0,40,0,''),(77,55,3,0,0,1,0,'0 0 0 0 0 ',0,'0 0 0 0 0 0 0 0 0 0 0 0 0 0 0 0 0 0 0 0 0 0 0 0 0 0 0 0 0 0 0 0 0 0 0 0 0 0 0 ',0,0,0,0,25,0,''),(79,35,3,0,0,1,0,'0 0 0 0 0 ',0,'0 0 0 0 0 0 0 0 0 0 0 0 0 0 0 0 0 0 0 0 0 0 0 0 0 0 0 0 0 0 0 0 0 0 0 0 0 0 0 ',0,0,0,0,40,0,''),(81,6948,3,0,0,1,0,'0 0 0 0 0 ',1,'0 0 0 0 0 0 0 0 0 0 0 0 0 0 0 0 0 0 0 0 0 0 0 0 0 0 0 0 0 0 0 0 0 0 0 0 0 0 0 ',0,0,0,0,0,0,''),(82,745,3,0,0,1,0,'0 0 0 0 0 ',1,'0 0 0 0 0 0 0 0 0 0 0 0 0 0 0 0 0 0 0 0 0 0 0 0 0 0 0 0 0 0 0 0 0 0 0 0 0 0 0 ',0,0,0,0,0,0,''),(87,117,3,0,0,3,0,'-1 0 0 0 0 ',0,'0 0 0 0 0 0 0 0 0 0 0 0 0 0 0 0 0 0 0 0 0 0 0 0 0 0 0 0 0 0 0 0 0 0 0 0 0 0 0 ',0,0,0,0,0,0,''),(90,159,3,0,0,2,0,'-1 0 0 0 0 ',0,'0 0 0 0 0 0 0 0 0 0 0 0 0 0 0 0 0 0 0 0 0 0 0 0 0 0 0 0 0 0 0 0 0 0 0 0 0 0 0 ',0,0,0,0,0,0,''),(91,5572,3,0,0,1,0,'0 0 0 0 0 ',196608,'0 0 0 0 0 0 0 0 0 0 0 0 0 0 0 0 0 0 0 0 0 0 0 0 0 0 0 0 0 0 0 0 0 0 0 0 0 0 0 ',0,0,0,0,0,0,''),(92,5572,3,0,0,1,0,'0 0 0 0 0 ',196608,'0 0 0 0 0 0 0 0 0 0 0 0 0 0 0 0 0 0 0 0 0 0 0 0 0 0 0 0 0 0 0 0 0 0 0 0 0 0 0 ',0,0,0,0,0,0,''),(94,57386,3,0,0,1,0,'0 0 0 0 0 ',1,'0 0 0 0 0 0 0 0 0 0 0 0 0 0 0 0 0 0 0 0 0 0 0 0 0 0 0 0 0 0 0 0 0 0 0 0 0 0 0 ',0,0,0,0,60,0,''),(97,58233,4,0,0,1,0,'0 0 0 0 0 ',0,'0 0 0 0 0 0 0 0 0 0 0 0 0 0 0 0 0 0 0 0 0 0 0 0 0 0 0 0 0 0 0 0 0 0 0 0 0 0 0 ',0,0,0,0,55,0,''),(99,43,4,0,0,1,0,'0 0 0 0 0 ',0,'0 0 0 0 0 0 0 0 0 0 0 0 0 0 0 0 0 0 0 0 0 0 0 0 0 0 0 0 0 0 0 0 0 0 0 0 0 0 0 ',0,0,0,0,25,0,''),(103,6948,4,0,0,1,0,'0 0 0 0 0 ',1,'0 0 0 0 0 0 0 0 0 0 0 0 0 0 0 0 0 0 0 0 0 0 0 0 0 0 0 0 0 0 0 0 0 0 0 0 0 0 0 ',0,0,0,0,0,0,''),(105,52557,4,0,0,1,0,'0 0 0 0 0 ',0,'0 0 0 0 0 0 0 0 0 0 0 0 0 0 0 0 0 0 0 0 0 0 0 0 0 0 0 0 0 0 0 0 0 0 0 0 0 0 0 ',0,0,0,0,40,0,''),(114,117,4,0,0,11,0,'-1 0 0 0 0 ',0,'0 0 0 0 0 0 0 0 0 0 0 0 0 0 0 0 0 0 0 0 0 0 0 0 0 0 0 0 0 0 0 0 0 0 0 0 0 0 0 ',0,0,0,0,0,0,''),(115,828,4,0,0,1,0,'0 0 0 0 0 ',196608,'0 0 0 0 0 0 0 0 0 0 0 0 0 0 0 0 0 0 0 0 0 0 0 0 0 0 0 0 0 0 0 0 0 0 0 0 0 0 0 ',0,0,0,0,0,0,''),(117,5572,4,0,0,1,0,'0 0 0 0 0 ',196608,'0 0 0 0 0 0 0 0 0 0 0 0 0 0 0 0 0 0 0 0 0 0 0 0 0 0 0 0 0 0 0 0 0 0 0 0 0 0 0 ',0,0,0,0,0,0,''),(118,828,4,0,0,1,0,'0 0 0 0 0 ',196608,'0 0 0 0 0 0 0 0 0 0 0 0 0 0 0 0 0 0 0 0 0 0 0 0 0 0 0 0 0 0 0 0 0 0 0 0 0 0 0 ',0,0,0,0,0,0,''),(122,57387,4,0,0,1,0,'0 0 0 0 0 ',1,'0 0 0 0 0 0 0 0 0 0 0 0 0 0 0 0 0 0 0 0 0 0 0 0 0 0 0 0 0 0 0 0 0 0 0 0 0 0 0 ',0,0,0,0,45,0,''),(129,805,4,0,0,1,0,'0 0 0 0 0 ',196608,'0 0 0 0 0 0 0 0 0 0 0 0 0 0 0 0 0 0 0 0 0 0 0 0 0 0 0 0 0 0 0 0 0 0 0 0 0 0 0 ',0,0,0,0,0,0,''),(130,159,4,0,0,2,0,'-1 0 0 0 0 ',0,'0 0 0 0 0 0 0 0 0 0 0 0 0 0 0 0 0 0 0 0 0 0 0 0 0 0 0 0 0 0 0 0 0 0 0 0 0 0 0 ',0,0,0,0,0,0,''),(131,2186,4,0,0,1,0,'0 0 0 0 0 ',1,'0 0 0 0 0 0 0 0 0 0 0 0 0 0 0 0 0 0 0 0 0 0 0 0 0 0 0 0 0 0 0 0 0 0 0 0 0 0 0 ',0,0,0,0,20,0,''),(140,118,4,0,0,1,0,'-1 0 0 0 0 ',0,'0 0 0 0 0 0 0 0 0 0 0 0 0 0 0 0 0 0 0 0 0 0 0 0 0 0 0 0 0 0 0 0 0 0 0 0 0 0 0 ',0,0,0,0,0,0,''),(141,2962,4,0,0,1,0,'0 0 0 0 0 ',0,'0 0 0 0 0 0 0 0 0 0 0 0 0 0 0 0 0 0 0 0 0 0 0 0 0 0 0 0 0 0 0 0 0 0 0 0 0 0 0 ',0,0,0,0,55,0,''),(142,2447,4,0,0,1,0,'0 0 0 0 0 ',0,'0 0 0 0 0 0 0 0 0 0 0 0 0 0 0 0 0 0 0 0 0 0 0 0 0 0 0 0 0 0 0 0 0 0 0 0 0 0 0 ',0,0,0,0,0,0,''),(143,1415,4,0,0,1,0,'0 0 0 0 0 ',0,'0 0 0 0 0 0 0 0 0 0 0 0 0 0 0 0 0 0 0 0 0 0 0 0 0 0 0 0 0 0 0 0 0 0 0 0 0 0 0 ',0,0,0,0,45,0,''),(144,4536,4,0,0,1,0,'-1 0 0 0 0 ',0,'0 0 0 0 0 0 0 0 0 0 0 0 0 0 0 0 0 0 0 0 0 0 0 0 0 0 0 0 0 0 0 0 0 0 0 0 0 0 0 ',0,0,0,0,0,0,''),(147,57247,4,0,0,1,0,'0 0 0 0 0 ',196609,'0 0 0 0 0 0 0 0 0 0 0 0 0 0 0 0 0 0 0 0 0 0 0 0 0 0 0 0 0 0 0 0 0 0 0 0 0 0 0 ',0,0,0,0,0,0,''),(148,11475,4,0,0,1,0,'0 0 0 0 0 ',1,'0 0 0 0 0 0 0 0 0 0 0 0 0 0 0 0 0 0 0 0 0 0 0 0 0 0 0 0 0 0 0 0 0 0 0 0 0 0 0 ',0,0,0,0,0,0,''),(149,5579,4,0,0,1,0,'0 0 0 0 0 ',1,'0 0 0 0 0 0 0 0 0 0 0 0 0 0 0 0 0 0 0 0 0 0 0 0 0 0 0 0 0 0 0 0 0 0 0 0 0 0 0 ',0,0,0,0,45,0,''),(151,57392,4,0,0,1,0,'0 0 0 0 0 ',1,'0 0 0 0 0 0 0 0 0 0 0 0 0 0 0 0 0 0 0 0 0 0 0 0 0 0 0 0 0 0 0 0 0 0 0 0 0 0 0 ',0,0,0,0,20,0,''),(152,745,4,0,0,1,0,'0 0 0 0 0 ',1,'0 0 0 0 0 0 0 0 0 0 0 0 0 0 0 0 0 0 0 0 0 0 0 0 0 0 0 0 0 0 0 0 0 0 0 0 0 0 0 ',0,0,0,0,0,0,''),(154,58231,5,0,0,1,0,'0 0 0 0 0 ',0,'0 0 0 0 0 0 0 0 0 0 0 0 0 0 0 0 0 0 0 0 0 0 0 0 0 0 0 0 0 0 0 0 0 0 0 0 0 0 0 ',0,0,0,0,55,0,''),(156,39,5,0,0,1,0,'0 0 0 0 0 ',0,'0 0 0 0 0 0 0 0 0 0 0 0 0 0 0 0 0 0 0 0 0 0 0 0 0 0 0 0 0 0 0 0 0 0 0 0 0 0 0 ',0,0,0,0,40,0,''),(158,40,5,0,0,1,0,'0 0 0 0 0 ',0,'0 0 0 0 0 0 0 0 0 0 0 0 0 0 0 0 0 0 0 0 0 0 0 0 0 0 0 0 0 0 0 0 0 0 0 0 0 0 0 ',0,0,0,0,25,0,''),(160,49778,5,0,0,1,0,'0 0 0 0 0 ',0,'0 0 0 0 0 0 0 0 0 0 0 0 0 0 0 0 0 0 0 0 0 0 0 0 0 0 0 0 0 0 0 0 0 0 0 0 0 0 0 ',0,0,0,0,40,0,''),(162,6948,5,0,0,1,0,'0 0 0 0 0 ',1,'0 0 0 0 0 0 0 0 0 0 0 0 0 0 0 0 0 0 0 0 0 0 0 0 0 0 0 0 0 0 0 0 0 0 0 0 0 0 0 ',0,0,0,0,0,0,''),(169,57255,5,0,0,1,0,'0 0 0 0 0 ',1,'0 0 0 0 0 0 0 0 0 0 0 0 0 0 0 0 0 0 0 0 0 0 0 0 0 0 0 0 0 0 0 0 0 0 0 0 0 0 0 ',0,0,0,0,20,0,''),(170,745,5,0,0,1,0,'0 0 0 0 0 ',1,'0 0 0 0 0 0 0 0 0 0 0 0 0 0 0 0 0 0 0 0 0 0 0 0 0 0 0 0 0 0 0 0 0 0 0 0 0 0 0 ',0,0,0,0,0,0,'');

UNLOCK TABLES;

/*Table structure for table `item_refund_instance` */

DROP TABLE IF EXISTS `item_refund_instance`;

CREATE TABLE `item_refund_instance` (
  `item_guid` int(10) unsigned NOT NULL COMMENT 'Item GUID',
  `player_guid` int(10) unsigned NOT NULL COMMENT 'Player GUID',
  `paidMoney` int(10) unsigned NOT NULL DEFAULT '0',
  `paidExtendedCost` smallint(5) unsigned NOT NULL DEFAULT '0',
  PRIMARY KEY (`item_guid`,`player_guid`)
) ENGINE=InnoDB DEFAULT CHARSET=utf8 COMMENT='Item Refund System';

/*Data for the table `item_refund_instance` */

LOCK TABLES `item_refund_instance` WRITE;

UNLOCK TABLES;

/*Table structure for table `item_soulbound_trade_data` */

DROP TABLE IF EXISTS `item_soulbound_trade_data`;

CREATE TABLE `item_soulbound_trade_data` (
  `itemGuid` int(10) unsigned NOT NULL COMMENT 'Item GUID',
  `allowedPlayers` text NOT NULL COMMENT 'Space separated GUID list of players who can receive this item in trade',
  PRIMARY KEY (`itemGuid`)
) ENGINE=InnoDB DEFAULT CHARSET=utf8 COMMENT='Item Refund System';

/*Data for the table `item_soulbound_trade_data` */

LOCK TABLES `item_soulbound_trade_data` WRITE;

UNLOCK TABLES;

/*Table structure for table `lag_reports` */

DROP TABLE IF EXISTS `lag_reports`;

CREATE TABLE `lag_reports` (
  `reportId` int(10) unsigned NOT NULL AUTO_INCREMENT,
  `guid` int(10) unsigned NOT NULL DEFAULT '0',
  `lagType` tinyint(3) unsigned NOT NULL DEFAULT '0',
  `mapId` smallint(5) unsigned NOT NULL DEFAULT '0',
  `posX` float NOT NULL DEFAULT '0',
  `posY` float NOT NULL DEFAULT '0',
  `posZ` float NOT NULL DEFAULT '0',
  `latency` int(10) unsigned NOT NULL DEFAULT '0',
  `createTime` int(10) unsigned NOT NULL DEFAULT '0',
  PRIMARY KEY (`reportId`)
) ENGINE=InnoDB DEFAULT CHARSET=utf8 COMMENT='Player System';

/*Data for the table `lag_reports` */

LOCK TABLES `lag_reports` WRITE;

UNLOCK TABLES;

/*Table structure for table `lfg_data` */

DROP TABLE IF EXISTS `lfg_data`;

CREATE TABLE `lfg_data` (
  `guid` int(10) unsigned NOT NULL DEFAULT '0' COMMENT 'Global Unique Identifier',
  `dungeon` int(10) unsigned NOT NULL DEFAULT '0',
  `state` tinyint(3) unsigned NOT NULL DEFAULT '0',
  PRIMARY KEY (`guid`)
) ENGINE=InnoDB DEFAULT CHARSET=utf8 COMMENT='LFG Data';

/*Data for the table `lfg_data` */

LOCK TABLES `lfg_data` WRITE;

UNLOCK TABLES;

/*Table structure for table `log_arena` */

DROP TABLE IF EXISTS `log_arena`;

CREATE TABLE `log_arena` (
  `id` int(11) unsigned NOT NULL AUTO_INCREMENT,
  `timestamp` int(11) DEFAULT NULL,
  `string` blob,
  PRIMARY KEY (`id`)
) ENGINE=InnoDB DEFAULT CHARSET=utf8;

/*Data for the table `log_arena` */

LOCK TABLES `log_arena` WRITE;

UNLOCK TABLES;

/*Table structure for table `log_faction_change` */

DROP TABLE IF EXISTS `log_faction_change`;

CREATE TABLE `log_faction_change` (
  `id` int(11) NOT NULL AUTO_INCREMENT,
  `guid` int(16) NOT NULL,
  `account` int(11) NOT NULL,
  `OldRace` int(11) NOT NULL,
  `NewRace` int(11) NOT NULL,
  `date` datetime NOT NULL,
  PRIMARY KEY (`id`)
) ENGINE=MyISAM DEFAULT CHARSET=latin1;

/*Data for the table `log_faction_change` */

LOCK TABLES `log_faction_change` WRITE;

UNLOCK TABLES;

/*Table structure for table `log_gm` */

DROP TABLE IF EXISTS `log_gm`;

CREATE TABLE `log_gm` (
  `id` bigint(20) NOT NULL AUTO_INCREMENT,
  `date` datetime NOT NULL,
  `gm_account_id` bigint(20) NOT NULL,
  `gm_account_name` blob NOT NULL,
  `gm_character_id` bigint(20) NOT NULL,
  `gm_character_name` blob NOT NULL,
  `gm_last_ip` tinytext,
  `sc_account_id` bigint(20) NOT NULL,
  `sc_account_name` blob NOT NULL,
  `sc_character_id` bigint(20) NOT NULL,
  `sc_character_name` blob NOT NULL,
  `command` blob NOT NULL,
  PRIMARY KEY (`id`)
) ENGINE=InnoDB DEFAULT CHARSET=latin1;

/*Data for the table `log_gm` */

LOCK TABLES `log_gm` WRITE;

UNLOCK TABLES;

/*Table structure for table `log_gm_chat` */

DROP TABLE IF EXISTS `log_gm_chat`;

CREATE TABLE `log_gm_chat` (
  `id` bigint(20) NOT NULL AUTO_INCREMENT,
  `type` int(11) NOT NULL,
  `date` datetime NOT NULL,
  `from_account_id` bigint(20) NOT NULL,
  `from_account_name` blob NOT NULL,
  `from_character_id` bigint(20) NOT NULL,
  `from_character_name` blob NOT NULL,
  `to_account_id` bigint(20) NOT NULL,
  `to_account_name` blob NOT NULL,
  `to_character_id` bigint(20) NOT NULL,
  `to_character_name` blob NOT NULL,
  `message` blob NOT NULL,
  PRIMARY KEY (`id`)
) ENGINE=InnoDB DEFAULT CHARSET=latin1;

/*Data for the table `log_gm_chat` */

LOCK TABLES `log_gm_chat` WRITE;

UNLOCK TABLES;

/*Table structure for table `log_mail` */

DROP TABLE IF EXISTS `log_mail`;

CREATE TABLE `log_mail` (
  `id` int(11) DEFAULT NULL,
  `messageType` tinyint(3) DEFAULT NULL,
  `stationery` tinyint(3) DEFAULT NULL,
  `mailTemplateId` mediumint(8) DEFAULT NULL,
  `sender` int(11) DEFAULT NULL,
  `receiver` int(11) DEFAULT NULL,
  `subject` blob,
  `body` blob,
  `has_items` tinyint(3) DEFAULT NULL,
  `expire_time` bigint(40) DEFAULT NULL,
  `deliver_time` bigint(40) DEFAULT NULL,
  `money` int(11) DEFAULT NULL,
  `cod` int(11) DEFAULT NULL,
  `checked` tinyint(3) DEFAULT NULL
) ENGINE=InnoDB DEFAULT CHARSET=latin1;

/*Data for the table `log_mail` */

LOCK TABLES `log_mail` WRITE;

UNLOCK TABLES;

/*Table structure for table `log_rename` */

DROP TABLE IF EXISTS `log_rename`;

CREATE TABLE `log_rename` (
  `guid` int(11) unsigned NOT NULL,
  `date` datetime NOT NULL,
  `oldName` tinytext NOT NULL,
  `newName` tinytext NOT NULL
) ENGINE=InnoDB DEFAULT CHARSET=latin1;

/*Data for the table `log_rename` */

LOCK TABLES `log_rename` WRITE;

UNLOCK TABLES;

/*Table structure for table `log_store_gold` */

DROP TABLE IF EXISTS `log_store_gold`;

CREATE TABLE `log_store_gold` (
  `id` int(11) NOT NULL AUTO_INCREMENT,
  `transaction` int(11) NOT NULL DEFAULT '0',
  `guid` int(11) NOT NULL DEFAULT '0',
  `gold` int(11) NOT NULL DEFAULT '0',
  PRIMARY KEY (`id`)
) ENGINE=InnoDB DEFAULT CHARSET=latin1;

/*Data for the table `log_store_gold` */

LOCK TABLES `log_store_gold` WRITE;

UNLOCK TABLES;

/*Table structure for table `log_store_item` */

DROP TABLE IF EXISTS `log_store_item`;

CREATE TABLE `log_store_item` (
  `id` int(11) NOT NULL DEFAULT '0',
  `transaction` int(11) DEFAULT '0',
  `guid` int(11) DEFAULT '0',
  `itemid` int(11) DEFAULT '0',
  `count` int(5) DEFAULT '1',
  PRIMARY KEY (`id`)
) ENGINE=InnoDB DEFAULT CHARSET=latin1;

/*Data for the table `log_store_item` */

LOCK TABLES `log_store_item` WRITE;

UNLOCK TABLES;

/*Table structure for table `log_trade` */

DROP TABLE IF EXISTS `log_trade`;

CREATE TABLE `log_trade` (
  `id` int(11) NOT NULL AUTO_INCREMENT,
  `date` datetime NOT NULL,
  `sc_accountid` int(11) DEFAULT NULL,
  `sc_guid` int(11) DEFAULT NULL,
  `sc_name` text,
  `tar_accountid` int(11) DEFAULT NULL,
  `tar_guid` int(11) DEFAULT NULL,
  `tar_name` text,
  `item_name` tinytext,
  `item_entry` int(11) DEFAULT NULL,
  `item_count` int(11) DEFAULT NULL,
  PRIMARY KEY (`id`)
) ENGINE=InnoDB DEFAULT CHARSET=latin1;

/*Data for the table `log_trade` */

LOCK TABLES `log_trade` WRITE;

UNLOCK TABLES;

/*Table structure for table `mail` */

DROP TABLE IF EXISTS `mail`;

CREATE TABLE `mail` (
  `id` int(10) unsigned NOT NULL DEFAULT '0' COMMENT 'Identifier',
  `messageType` tinyint(3) unsigned NOT NULL DEFAULT '0',
  `stationery` tinyint(3) NOT NULL DEFAULT '41',
  `mailTemplateId` smallint(5) unsigned NOT NULL DEFAULT '0',
  `sender` int(10) unsigned NOT NULL DEFAULT '0' COMMENT 'Character Global Unique Identifier',
  `receiver` int(10) unsigned NOT NULL DEFAULT '0' COMMENT 'Character Global Unique Identifier',
  `subject` longtext,
  `body` longtext,
  `has_items` tinyint(3) unsigned NOT NULL DEFAULT '0',
  `expire_time` int(10) unsigned NOT NULL DEFAULT '0',
  `deliver_time` int(10) unsigned NOT NULL DEFAULT '0',
  `money` bigint(20) unsigned NOT NULL DEFAULT '0',
  `cod` bigint(20) unsigned NOT NULL DEFAULT '0',
  `checked` tinyint(3) unsigned NOT NULL DEFAULT '0',
  PRIMARY KEY (`id`),
  KEY `idx_receiver` (`receiver`),
  KEY `exptime` (`expire_time`)
) ENGINE=InnoDB DEFAULT CHARSET=utf8 COMMENT='Mail System';

/*Data for the table `mail` */

LOCK TABLES `mail` WRITE;

UNLOCK TABLES;

/*Table structure for table `mail_items` */

DROP TABLE IF EXISTS `mail_items`;

CREATE TABLE `mail_items` (
  `mail_id` int(10) unsigned NOT NULL DEFAULT '0',
  `item_guid` int(10) unsigned NOT NULL DEFAULT '0',
  `receiver` int(10) unsigned NOT NULL DEFAULT '0' COMMENT 'Character Global Unique Identifier',
  PRIMARY KEY (`item_guid`),
  KEY `idx_receiver` (`receiver`),
  KEY `idx_mail_id` (`mail_id`),
  KEY `findByItem` (`item_guid`)
) ENGINE=InnoDB DEFAULT CHARSET=utf8 ROW_FORMAT=DYNAMIC;

/*Data for the table `mail_items` */

LOCK TABLES `mail_items` WRITE;

UNLOCK TABLES;

/*Table structure for table `pet_aura` */

DROP TABLE IF EXISTS `pet_aura`;

CREATE TABLE `pet_aura` (
  `guid` int(10) unsigned NOT NULL DEFAULT '0' COMMENT 'Global Unique Identifier',
  `slot` tinyint(3) unsigned NOT NULL DEFAULT '0',
  `caster_guid` bigint(20) unsigned NOT NULL DEFAULT '0' COMMENT 'Full Global Unique Identifier',
  `spell` mediumint(8) unsigned NOT NULL DEFAULT '0',
  `effect_mask` tinyint(3) unsigned NOT NULL DEFAULT '0',
  `recalculate_mask` tinyint(3) unsigned NOT NULL DEFAULT '0',
  `stackcount` tinyint(3) unsigned NOT NULL DEFAULT '1',
  `maxduration` int(11) NOT NULL DEFAULT '0',
  `remaintime` int(11) NOT NULL DEFAULT '0',
  `remaincharges` tinyint(3) unsigned NOT NULL DEFAULT '0',
  PRIMARY KEY (`guid`,`spell`,`effect_mask`)
) ENGINE=InnoDB DEFAULT CHARSET=utf8 COMMENT='Pet System';

/*Data for the table `pet_aura` */

LOCK TABLES `pet_aura` WRITE;

UNLOCK TABLES;

/*Table structure for table `pet_aura_effect` */

DROP TABLE IF EXISTS `pet_aura_effect`;

CREATE TABLE `pet_aura_effect` (
  `guid` int(10) unsigned NOT NULL DEFAULT '0',
  `slot` tinyint(3) unsigned NOT NULL DEFAULT '0',
  `effect` tinyint(3) unsigned NOT NULL DEFAULT '0',
  `amount` int(11) NOT NULL DEFAULT '0',
  `baseamount` int(11) NOT NULL DEFAULT '0',
  PRIMARY KEY (`guid`,`slot`,`effect`)
) ENGINE=InnoDB DEFAULT CHARSET=latin1;

/*Data for the table `pet_aura_effect` */

LOCK TABLES `pet_aura_effect` WRITE;

UNLOCK TABLES;

/*Table structure for table `pet_spell` */

DROP TABLE IF EXISTS `pet_spell`;

CREATE TABLE `pet_spell` (
  `guid` int(10) unsigned NOT NULL DEFAULT '0' COMMENT 'Global Unique Identifier',
  `spell` mediumint(8) unsigned NOT NULL DEFAULT '0' COMMENT 'Spell Identifier',
  `active` tinyint(3) unsigned NOT NULL DEFAULT '0',
  PRIMARY KEY (`guid`,`spell`)
) ENGINE=InnoDB DEFAULT CHARSET=utf8 COMMENT='Pet System';

/*Data for the table `pet_spell` */

LOCK TABLES `pet_spell` WRITE;

UNLOCK TABLES;

/*Table structure for table `pet_spell_cooldown` */

DROP TABLE IF EXISTS `pet_spell_cooldown`;

CREATE TABLE `pet_spell_cooldown` (
  `guid` int(10) unsigned NOT NULL DEFAULT '0' COMMENT 'Global Unique Identifier, Low part',
  `spell` mediumint(8) unsigned NOT NULL DEFAULT '0' COMMENT 'Spell Identifier',
  `time` int(10) unsigned NOT NULL DEFAULT '0',
  PRIMARY KEY (`guid`,`spell`)
) ENGINE=InnoDB DEFAULT CHARSET=utf8;

/*Data for the table `pet_spell_cooldown` */

LOCK TABLES `pet_spell_cooldown` WRITE;

UNLOCK TABLES;

/*Table structure for table `petition` */

DROP TABLE IF EXISTS `petition`;

CREATE TABLE `petition` (
  `ownerguid` int(10) unsigned NOT NULL,
  `petitionguid` int(10) unsigned DEFAULT '0',
  `name` varchar(24) NOT NULL,
  `type` tinyint(3) unsigned NOT NULL DEFAULT '0',
  PRIMARY KEY (`ownerguid`,`type`),
  UNIQUE KEY `index_ownerguid_petitionguid` (`ownerguid`,`petitionguid`)
) ENGINE=InnoDB DEFAULT CHARSET=utf8 COMMENT='Guild System';

/*Data for the table `petition` */

LOCK TABLES `petition` WRITE;

UNLOCK TABLES;

/*Table structure for table `petition_sign` */

DROP TABLE IF EXISTS `petition_sign`;

CREATE TABLE `petition_sign` (
  `ownerguid` int(10) unsigned NOT NULL,
  `petitionguid` int(10) unsigned NOT NULL DEFAULT '0',
  `playerguid` int(10) unsigned NOT NULL DEFAULT '0',
  `player_account` int(10) unsigned NOT NULL DEFAULT '0',
  `type` tinyint(3) unsigned NOT NULL DEFAULT '0',
  PRIMARY KEY (`petitionguid`,`playerguid`),
  KEY `Idx_playerguid` (`playerguid`),
  KEY `Idx_ownerguid` (`ownerguid`)
) ENGINE=InnoDB DEFAULT CHARSET=utf8 COMMENT='Guild System';

/*Data for the table `petition_sign` */

LOCK TABLES `petition_sign` WRITE;

UNLOCK TABLES;

/*Table structure for table `players_reports_status` */

DROP TABLE IF EXISTS `players_reports_status`;

CREATE TABLE `players_reports_status` (
  `guid` int(10) unsigned NOT NULL DEFAULT '0',
  `creation_time` int(10) unsigned NOT NULL DEFAULT '0',
  `average` float NOT NULL DEFAULT '0',
  `total_reports` bigint(20) unsigned NOT NULL DEFAULT '0',
  `speed_reports` bigint(20) unsigned NOT NULL DEFAULT '0',
  `fly_reports` bigint(20) unsigned NOT NULL DEFAULT '0',
  `jump_reports` bigint(20) unsigned NOT NULL DEFAULT '0',
  `waterwalk_reports` bigint(20) unsigned NOT NULL DEFAULT '0',
  `teleportplane_reports` bigint(20) unsigned NOT NULL DEFAULT '0',
  `climb_reports` bigint(20) unsigned NOT NULL DEFAULT '0',
  PRIMARY KEY (`guid`)
) ENGINE=InnoDB DEFAULT CHARSET=utf8;

/*Data for the table `players_reports_status` */

LOCK TABLES `players_reports_status` WRITE;

UNLOCK TABLES;

/*Table structure for table `pool_quest_save` */

DROP TABLE IF EXISTS `pool_quest_save`;

CREATE TABLE `pool_quest_save` (
  `pool_id` int(10) unsigned NOT NULL DEFAULT '0',
  `quest_id` int(10) unsigned NOT NULL DEFAULT '0',
  PRIMARY KEY (`pool_id`,`quest_id`)
) ENGINE=InnoDB DEFAULT CHARSET=utf8;

/*Data for the table `pool_quest_save` */

LOCK TABLES `pool_quest_save` WRITE;

insert  into `pool_quest_save`(`pool_id`,`quest_id`) values (348,24636),(349,14104),(350,13905),(351,13914),(352,11381),(353,11665),(354,13422),(356,11363),(357,11376),(358,25159),(359,25105),(360,29358),(361,26226),(362,29334),(363,26177),(364,29355),(365,29314),(366,26588),(367,29354),(368,29317),(369,26536),(370,29342),(371,29323),(372,28059),(372,28130),(373,27966),(373,27992),(374,27973),(374,28275),(375,27944),(375,27971),(376,28682),(376,28721),(377,28678),(377,28680),(378,28695),(378,28700),(379,28691),(379,28693),(380,12736),(381,12705),(382,12741),(383,12759),(5662,13674),(5663,13763),(5664,13770),(5665,13774),(5666,13780),(5667,13785),(5668,13666),(5669,13616),(5670,13743),(5671,13746),(5672,13757),(5673,13754),(5674,13107),(5675,13113),(5676,13832),(5677,12960),(5678,24587),(30333,30333);

UNLOCK TABLES;

/*Table structure for table `reserved_name` */

DROP TABLE IF EXISTS `reserved_name`;

CREATE TABLE `reserved_name` (
  `name` varchar(12) NOT NULL DEFAULT '',
  PRIMARY KEY (`name`)
) ENGINE=InnoDB DEFAULT CHARSET=utf8 COMMENT='Player Reserved Names';

/*Data for the table `reserved_name` */

LOCK TABLES `reserved_name` WRITE;

UNLOCK TABLES;

/*Table structure for table `store_gold` */

DROP TABLE IF EXISTS `store_gold`;

CREATE TABLE `store_gold` (
  `guid` int(11) unsigned NOT NULL,
  `gold` int(11) unsigned DEFAULT NULL,
  `transaction` int(11) unsigned NOT NULL AUTO_INCREMENT,
  PRIMARY KEY (`transaction`),
  UNIQUE KEY `transaction` (`transaction`),
  KEY `guid` (`guid`)
) ENGINE=InnoDB DEFAULT CHARSET=latin1;

/*Data for the table `store_gold` */

LOCK TABLES `store_gold` WRITE;

UNLOCK TABLES;

/*Table structure for table `store_item` */

DROP TABLE IF EXISTS `store_item`;

CREATE TABLE `store_item` (
  `itemid` int(11) NOT NULL DEFAULT '0',
  `guid` int(11) unsigned NOT NULL,
  `count` int(11) unsigned NOT NULL,
  `transaction` int(11) NOT NULL AUTO_INCREMENT,
  PRIMARY KEY (`transaction`),
  UNIQUE KEY `transaction` (`transaction`),
  KEY `guid` (`guid`)
) ENGINE=InnoDB DEFAULT CHARSET=latin1;

/*Data for the table `store_item` */

LOCK TABLES `store_item` WRITE;

UNLOCK TABLES;

/*Table structure for table `store_level` */

DROP TABLE IF EXISTS `store_level`;

CREATE TABLE `store_level` (
  `guid` int(11) unsigned NOT NULL DEFAULT '0',
  `level` int(11) unsigned NOT NULL DEFAULT '80',
  `transaction` int(11) unsigned NOT NULL AUTO_INCREMENT,
  PRIMARY KEY (`transaction`),
  UNIQUE KEY `transaction` (`transaction`),
  KEY `guid` (`guid`)
) ENGINE=InnoDB DEFAULT CHARSET=latin1;

/*Data for the table `store_level` */

LOCK TABLES `store_level` WRITE;

UNLOCK TABLES;

/*Table structure for table `store_metier` */

DROP TABLE IF EXISTS `store_metier`;

CREATE TABLE `store_metier` (
  `guid` int(11) unsigned NOT NULL,
  `skill` int(11) unsigned NOT NULL,
  `value` int(11) unsigned NOT NULL,
  `transaction` int(11) unsigned NOT NULL AUTO_INCREMENT,
  PRIMARY KEY (`transaction`),
  UNIQUE KEY `NewIndex1` (`skill`,`guid`)
) ENGINE=InnoDB DEFAULT CHARSET=latin1;

/*Data for the table `store_metier` */

LOCK TABLES `store_metier` WRITE;

UNLOCK TABLES;

/*Table structure for table `time_diff_log` */

DROP TABLE IF EXISTS `time_diff_log`;

CREATE TABLE `time_diff_log` (
  `id` int(10) NOT NULL AUTO_INCREMENT,
  `time` int(10) unsigned DEFAULT '0',
  `average` int(10) unsigned DEFAULT '0',
  `max` int(10) unsigned DEFAULT '0',
  `players` int(10) unsigned DEFAULT '0',
  PRIMARY KEY (`id`)
) ENGINE=MyISAM AUTO_INCREMENT=133 DEFAULT CHARSET=utf8;

/*Data for the table `time_diff_log` */

LOCK TABLES `time_diff_log` WRITE;

insert  into `time_diff_log`(`id`,`time`,`average`,`max`,`players`) values (1,1480010952,0,0,0),(2,1480011012,25,108,0),(3,1480011072,25,75,1),(4,1480011132,25,1000,1),(5,1480011192,25,330,1),(6,1480011252,25,58,1),(7,1480011312,25,56,1),(8,1480011372,25,974,1),(9,1480011432,25,28,1),(10,1480011492,24,40,0),(11,1480011552,25,30,0),(12,1480011612,25,27,0),(13,1480011672,25,35,0),(14,1480011732,25,27,0),(15,1480011792,25,51,0),(16,1480011852,25,28,0),(17,1480011912,25,27,0),(18,1480011972,25,27,0),(19,1480012032,25,30,0),(20,1480012092,25,30,0),(21,1480012152,25,27,0),(22,1480012212,25,27,0),(23,1480012272,25,29,0),(24,1480012332,24,27,0),(25,1480012432,24,29,0),(26,1480012492,25,27,0),(27,1480012552,25,33,0),(28,1480012612,25,28,0),(29,1480012672,25,488,1),(30,1480012732,25,71,1),(31,1480012792,25,746,1),(32,1480012852,25,74,1),(33,1480012912,25,75,1),(34,1480014070,25,433,0),(35,1480014557,25,93,0),(36,1480014626,26,1959,1),(37,1480014686,35,11002,1),(38,1480014746,25,654,1),(39,1480014806,25,83,1),(40,1480014866,25,75,1),(41,1480014926,25,662,1),(42,1480014986,25,881,1),(43,1480015046,25,54,1),(44,1480015106,24,43,1),(45,1480015166,25,47,1),(46,1480015226,25,39,1),(47,1480015286,25,172,1),(48,1480015346,25,535,1),(49,1480015406,25,55,1),(50,1480015466,24,46,1),(51,1480015526,25,45,1),(52,1480015586,25,45,1),(53,1480016246,25,105,1),(54,1480016636,25,593,0),(55,1480016863,25,63,0),(56,1480016923,26,1794,1),(57,1480016983,25,395,1),(58,1480017043,25,1048,1),(59,1480017103,25,474,1),(60,1480017163,25,337,0),(61,1480017242,25,359,1),(62,1480017302,25,96,1),(63,1480017362,25,387,1),(64,1480017422,24,42,1),(65,1480017482,25,66,1),(66,1480017542,24,51,1),(67,1480017602,25,36,1),(68,1480017662,25,1058,1),(69,1480017722,25,228,1),(70,1480017782,25,169,1),(71,1480017842,25,98,1),(72,1480017902,25,32,1),(73,1480017962,24,39,1),(74,1480018022,25,38,1),(75,1480018082,24,49,1),(76,1480019352,25,1294,0),(77,1480019412,25,496,1),(78,1480019472,25,128,1),(79,1480019532,25,61,1),(80,1480019592,25,783,1),(81,1480019652,25,56,1),(82,1480019712,25,1735,1),(83,1480093633,26,1116,0),(84,1480093708,26,1592,0),(85,1480093770,36,20895,1),(86,1480093830,25,1897,1),(87,1480093890,25,50,1),(88,1480093950,25,527,1),(89,1480094010,25,33,1),(90,1480094070,25,643,1),(91,1480094130,24,35,1),(92,1480094190,25,816,1),(93,1480094250,25,53,1),(94,1480094310,25,55,1),(95,1480094370,25,39,1),(96,1480094430,25,1106,1),(97,1480094490,25,410,1),(98,1480094550,25,37,1),(99,1480094610,24,37,1),(100,1480094670,24,44,1),(101,1480094730,25,39,1),(102,1480094790,25,317,1),(103,1480094850,25,39,1),(104,1480094910,24,38,1),(105,1480094970,25,62,1),(106,1480095030,25,37,1),(107,1480095090,24,35,1),(108,1480096140,25,88,1),(109,1480096200,27,2154,1),(110,1480096261,49,10850,1),(111,1480096321,25,978,1),(112,1480096381,25,167,1),(113,1480096441,25,76,1),(114,1480096501,25,356,1),(115,1480096561,25,389,1),(116,1480097091,25,78,0),(117,1480097151,25,156,0),(118,1480097211,25,734,0),(119,1480097271,25,609,0),(120,1480097331,25,47,0),(121,1480097391,25,953,0),(122,1480097451,25,46,0),(123,1480097512,25,63,0),(124,1480097572,24,38,0),(125,1480098090,25,62,0),(126,1480098150,25,297,0),(127,1480098210,25,78,0),(128,1480098270,25,63,0),(129,1480098330,25,47,0),(130,1480098390,25,47,0),(131,1480098450,25,47,0),(132,1480098510,25,94,0);

UNLOCK TABLES;

/*Table structure for table `warden_action` */

DROP TABLE IF EXISTS `warden_action`;

CREATE TABLE `warden_action` (
  `wardenId` smallint(5) unsigned NOT NULL,
  `action` tinyint(3) unsigned DEFAULT NULL,
  PRIMARY KEY (`wardenId`)
) ENGINE=InnoDB DEFAULT CHARSET=utf8;

/*Data for the table `warden_action` */

LOCK TABLES `warden_action` WRITE;

UNLOCK TABLES;

/*Table structure for table `worldstates` */

DROP TABLE IF EXISTS `worldstates`;

CREATE TABLE `worldstates` (
  `entry` int(10) unsigned NOT NULL DEFAULT '0',
  `value` int(10) unsigned NOT NULL DEFAULT '0',
  `comment` tinytext,
  PRIMARY KEY (`entry`)
) ENGINE=InnoDB DEFAULT CHARSET=utf8 COMMENT='Variable Saves';

/*Data for the table `worldstates` */

LOCK TABLES `worldstates` WRITE;

insert  into `worldstates`(`entry`,`value`,`comment`) values (3781,9000000,NULL),(3801,0,NULL),(3802,1,NULL),(20001,1480561200,NULL),(20002,1480615752,NULL),(20003,1480129200,NULL),(20004,1480539600,NULL),(20005,1415152800,NULL);

UNLOCK TABLES;

/*!40101 SET SQL_MODE=@OLD_SQL_MODE */;
/*!40014 SET FOREIGN_KEY_CHECKS=@OLD_FOREIGN_KEY_CHECKS */;
/*!40014 SET UNIQUE_CHECKS=@OLD_UNIQUE_CHECKS */;
/*!40111 SET SQL_NOTES=@OLD_SQL_NOTES */;
